,proposed_bored_loss,baseline_bored_loss
198,0.33099999999999996,0.0029000000000000137
199,0.1996,0.0031999999999999806
200,0.16269999999999996,0.0033999999999999586
201,0.2106,0.0033999999999999586
202,0.20699999999999996,0.0034999999999999476
203,0.2137,0.0031999999999999806
204,0.19210000000000005,0.005900000000000016
205,0.1604,0.006099999999999994
206,0.2037,0.006900000000000017
207,0.38560000000000005,0.00880000000000003
208,0.14480000000000004,0.008000000000000007
209,0.21850000000000003,0.008499999999999952
210,0.11619999999999997,0.007299999999999973
211,0.12870000000000004,0.005499999999999949
212,0.21319999999999995,0.005700000000000038
213,0.16859999999999997,0.005299999999999971
214,0.15590000000000004,0.00539999999999996
215,0.127,0.005900000000000016
216,0.2027,0.005499999999999949
217,0.21030000000000004,0.0046000000000000485
218,0.22140000000000004,0.0044999999999999485
219,0.29969999999999997,0.0047000000000000375
220,0.23809999999999998,0.0049000000000000155
221,0.22850000000000004,0.006099999999999994
222,0.2814,0.9971
223,0.29290000000000005,0.005099999999999993
224,0.2884,0.006099999999999994
225,0.2258,0.008399999999999963
226,0.2732,0.006800000000000028
227,0.27849999999999997,0.007000000000000006
228,0.26659999999999995,0.005199999999999982
229,0.3668,0.006199999999999983
230,0.30379999999999996,0.00539999999999996
231,0.42000000000000004,0.0040999999999999925
232,0.43100000000000005,0.0032999999999999696
233,0.28369999999999995,0.0031999999999999806
234,0.31479999999999997,0.0033999999999999586
235,0.36419999999999997,0.0030999999999999917
236,0.34099999999999997,0.0032999999999999696
237,0.5078,0.0032999999999999696
238,0.5335,0.0031999999999999806
239,0.24929999999999997,0.0034999999999999476
240,0.41500000000000004,0.0030999999999999917
241,0.5005999999999999,0.0030999999999999917
242,0.5323,0.0030000000000000027
243,0.542,0.0029000000000000137
244,0.46619999999999995,0.0030000000000000027
245,0.5221,0.0024999999999999467
246,0.7052,0.0024999999999999467
247,0.6091,0.9985
248,0.5880000000000001,0.0020000000000000018
249,0.6681,0.0022999999999999687
250,0.5412,0.0022999999999999687
251,0.7065,0.0014999999999999458
252,0.5485,0.0023999999999999577
253,0.5659000000000001,0.0021999999999999797
254,0.5859,0.0021999999999999797
255,0.6058,0.0021999999999999797
256,0.5395,0.0020999999999999908
257,0.5285,0.0019000000000000128
258,0.5124,0.0020000000000000018
259,0.5897,0.0018000000000000238
260,0.5558000000000001,0.0018000000000000238
261,0.5888,0.0020000000000000018
262,0.5981000000000001,0.0017000000000000348
263,0.5541,0.0017000000000000348
264,0.6994,0.0016000000000000458
265,0.6042000000000001,0.0020000000000000018
266,0.7246,0.0020000000000000018
267,0.6436999999999999,0.0022999999999999687
268,0.6714,0.0020000000000000018
269,0.7078,0.0019000000000000128
270,0.6288,0.0019000000000000128
271,0.7609,0.0023999999999999577
272,0.6273,0.0019000000000000128
273,0.7152000000000001,0.0020000000000000018
274,0.7644,0.0022999999999999687
275,0.7229,0.0022999999999999687
276,0.8481,0.0020000000000000018
277,0.7577,0.0023999999999999577
278,0.7778,0.0022999999999999687
279,0.7534,0.0022999999999999687
280,0.7774,0.0022999999999999687
281,0.7518,0.0023999999999999577
282,0.7335,0.0024999999999999467
283,0.7766,0.0024999999999999467
284,0.7384999999999999,0.0023999999999999577
285,0.7613,0.0020000000000000018
286,0.7562,0.0022999999999999687
287,0.7774,0.0026000000000000467
288,0.6275999999999999,0.0021999999999999797
289,0.6737,0.0022999999999999687
290,0.7016,0.0022999999999999687
291,0.5961000000000001,0.0022999999999999687
292,0.6515,0.0022999999999999687
293,0.5589,0.0022999999999999687
294,0.583,0.0024999999999999467
295,0.6254,0.0023999999999999577
296,0.656,0.0022999999999999687
297,0.6485000000000001,0.0021999999999999797
298,0.6351,0.0021999999999999797
299,0.7327,0.0020000000000000018
300,0.6724,0.0018000000000000238
301,0.7048,0.0013999999999999568
302,0.648,0.0014999999999999458
303,0.5971,0.0024999999999999467
304,0.4599,0.0013999999999999568
305,0.4951,0.0014999999999999458
306,0.5206,0.0032999999999999696
307,0.6461,0.0030000000000000027
308,0.6451,0.0030000000000000027
309,0.6936,0.0030000000000000027
310,0.5906,0.0021999999999999797
311,0.46230000000000004,0.0022999999999999687
312,0.46209999999999996,0.0029000000000000137
313,0.49839999999999995,0.0030000000000000027
314,0.4383,0.0026000000000000467
315,0.44699999999999995,0.0024999999999999467
316,0.31200000000000006,0.0031999999999999806
317,0.36960000000000004,0.0029000000000000137
318,0.03539999999999999,0.007199999999999984
319,0.04239999999999999,0.0010000000000000009
320,0.027000000000000024,0.0017000000000000348
321,0.045499999999999985,0.005900000000000016
322,0.033399999999999985,0.0030000000000000027
323,0.03259999999999996,0.0046000000000000485
324,0.039100000000000024,0.0044999999999999485
325,0.034399999999999986,0.010299999999999976
326,0.036599999999999966,0.0047000000000000375
327,0.025399999999999978,0.0048000000000000265
328,0.04169999999999996,0.00539999999999996
329,0.059599999999999986,0.011900000000000022
330,0.02969999999999995,0.018000000000000016
331,0.053200000000000025,0.016900000000000026
332,0.07989999999999997,0.007199999999999984
333,0.04400000000000004,0.007499999999999951
334,0.0262,0.008000000000000007
335,0.018900000000000028,0.007800000000000029
336,0.03200000000000003,0.010299999999999976
337,0.015900000000000025,0.007399999999999962
338,0.029200000000000004,0.009000000000000008
339,0.02629999999999999,0.022499999999999964
340,0.02210000000000001,0.02300000000000002
341,0.06379999999999997,0.008900000000000019
342,0.04359999999999997,0.008700000000000041
343,0.04479999999999995,0.005299999999999971
344,0.029100000000000015,0.0017000000000000348
345,0.06159999999999999,0.0024999999999999467
346,0.038900000000000046,0.01090000000000002
347,0.04190000000000005,0.0020000000000000018
348,0.022800000000000042,0.0018000000000000238
349,0.036699999999999955,0.0040000000000000036
350,0.09019999999999995,0.0017000000000000348
351,0.062000000000000055,0.0024999999999999467
352,0.0847,0.0028000000000000247
353,0.06879999999999997,0.0038000000000000256
354,0.02939999999999998,0.0046000000000000485
355,0.04400000000000004,0.0038000000000000256
356,0.03259999999999996,0.006199999999999983
357,0.09919999999999995,0.005199999999999982
358,0.14080000000000004,0.008199999999999985
359,0.14459999999999995,0.005700000000000038
360,0.11170000000000002,0.0040999999999999925
361,0.23650000000000004,0.0032999999999999696
362,0.2508,0.0028000000000000247
363,0.2501,0.0023999999999999577
364,0.29469999999999996,0.0017000000000000348
365,0.21189999999999998,0.0017000000000000348
366,0.19710000000000005,0.0018000000000000238
367,0.13290000000000002,0.0009000000000000119
368,0.46919999999999995,0.0012999999999999678
369,0.3823,0.0012999999999999678
370,0.4131,0.0012999999999999678
371,0.6609,0.0010000000000000009
372,0.5219,0.007199999999999984
373,0.752,0.008600000000000052
374,0.5166,0.011900000000000022
375,0.23939999999999995,0.012599999999999945
376,0.08909999999999996,0.005299999999999971
377,0.21730000000000005,0.005299999999999971
378,0.20450000000000002,0.005099999999999993
379,0.375,0.005800000000000027
380,0.3952,0.006800000000000028
381,0.42779999999999996,0.005700000000000038
382,0.19730000000000003,0.006099999999999994
383,0.2815,0.01319999999999999
384,0.525,0.0014999999999999458
385,0.30610000000000004,0.006900000000000017
386,0.30469999999999997,0.007299999999999973
387,0.42779999999999996,0.008499999999999952
388,0.7888999999999999,0.011499999999999955
389,0.6275999999999999,0.005499999999999949
390,0.3899,0.007800000000000029
391,0.39370000000000005,0.008299999999999974
392,0.6473,0.009000000000000008
393,0.5277000000000001,0.0010000000000000009
394,0.15449999999999997,0.0012999999999999678
395,0.5752999999999999,0.007800000000000029
396,0.37939999999999996,0.0024999999999999467
397,0.4343,0.009000000000000008
398,0.45920000000000005,0.009099999999999997
399,0.394,0.009700000000000042
400,0.23729999999999996,0.008600000000000052
401,0.35819999999999996,0.011600000000000055
402,0.39249999999999996,0.01319999999999999
403,0.3881,0.012800000000000034
404,0.5823,0.013000000000000012
405,0.32399999999999995,0.008499999999999952
406,0.16600000000000004,0.008399999999999963
407,0.7123999999999999,0.01090000000000002
408,0.42789999999999995,0.00649999999999995
409,0.11550000000000005,0.007000000000000006
410,0.46240000000000003,0.007900000000000018
411,0.281,0.009399999999999964
412,0.30300000000000005,0.012900000000000023
413,0.4304,0.007800000000000029
414,0.29259999999999997,0.008000000000000007
415,0.24439999999999995,0.007199999999999984
416,0.29890000000000005,0.010600000000000054
417,0.246,0.012700000000000045
418,0.32110000000000005,0.007000000000000006
419,0.10850000000000004,0.00880000000000003
420,0.11850000000000005,0.007499999999999951
421,0.11339999999999995,0.008199999999999985
422,0.1401,0.00880000000000003
423,0.40680000000000005,0.012800000000000034
424,0.3174,0.013000000000000012
425,0.37960000000000005,0.011700000000000044
426,0.122,0.013700000000000045
427,0.11040000000000005,0.0121
428,0.5595,0.009000000000000008
429,0.12829999999999997,0.014700000000000046
430,0.16149999999999998,0.010299999999999976
431,0.16679999999999995,0.02080000000000004
432,0.1531,0.02310000000000001
433,0.19799999999999995,0.023399999999999976
434,0.5041,0.022299999999999986
435,0.31789999999999996,0.0029000000000000137
436,0.3346,0.0020000000000000018
437,0.6496,0.009299999999999975
438,0.20389999999999997,0.008900000000000019
