,proposed_engaged_loss,baseline_engaged_loss
77,0.48640000000000005,0.05049999999999999
78,0.5375,0.03249999999999997
79,0.5359,0.03390000000000004
80,0.5149,0.04059999999999997
81,0.5408,0.05410000000000004
82,0.5361,0.057599999999999985
83,0.5226,0.06279999999999997
84,0.5288999999999999,0.061899999999999955
85,0.5452,0.061000000000000054
86,0.5191,0.062100000000000044
87,0.5510999999999999,0.06040000000000001
88,0.5112,0.07840000000000003
89,0.5048,0.08220000000000005
90,0.48160000000000003,0.07950000000000002
91,0.5133,0.08589999999999998
92,0.49850000000000005,0.0816
93,0.49039999999999995,0.08420000000000005
94,0.4737,0.09330000000000005
95,0.4569,0.08050000000000002
96,0.4729,0.08909999999999996
97,0.48109999999999997,0.08109999999999995
98,0.4847,0.06020000000000003
99,0.49439999999999995,0.08289999999999997
100,0.47709999999999997,0.07430000000000003
101,0.488,0.05710000000000004
102,0.4808,0.060899999999999954
103,0.4776,0.05600000000000005
104,0.5062,0.05779999999999996
105,0.5231,0.04479999999999995
106,0.5311,0.030200000000000005
107,0.5003,0.036599999999999966
108,0.48650000000000004,0.036599999999999966
109,0.5667,0.02749999999999997
110,0.5038,0.054400000000000004
111,0.4438,0.11029999999999995
112,0.39970000000000006,0.0676
113,0.25429999999999997,0.17090000000000005
114,0.19399999999999995,0.18469999999999998
115,0.15090000000000003,0.16700000000000004
116,0.1522,0.14939999999999998
117,0.18169999999999997,0.15649999999999997
118,0.19369999999999998,0.15439999999999998
119,0.1845,0.14490000000000003
120,0.1854,0.13770000000000004
121,0.17789999999999995,0.12849999999999995
122,0.16879999999999995,0.137
123,0.16349999999999998,0.12649999999999995
124,0.16620000000000001,0.11939999999999995
125,0.17769999999999997,0.12860000000000005
126,0.17469999999999997,0.12870000000000004
127,0.17200000000000004,0.15580000000000005
128,0.15569999999999995,0.13680000000000003
129,0.15880000000000005,0.1392
130,0.16059999999999997,0.16890000000000005
131,0.1593,0.16149999999999998
132,0.16490000000000005,0.15539999999999998
133,0.1592,0.15969999999999995
134,0.16990000000000005,0.18410000000000004
135,0.1784,0.18720000000000003
136,0.1602,0.19520000000000004
137,0.16800000000000004,0.17490000000000006
138,0.15810000000000002,0.15690000000000004
139,0.15169999999999995,0.23970000000000002
140,0.1543,0.2066
141,0.15449999999999997,0.14700000000000002
142,0.15880000000000005,0.20140000000000002
143,0.15959999999999996,0.18500000000000005
144,0.1632,0.1735
145,0.15649999999999997,0.19710000000000005
146,0.1521,0.14870000000000005
147,0.1501,0.18899999999999995
148,0.15000000000000002,0.21240000000000003
149,0.1612,0.15949999999999998
150,0.16959999999999997,0.18179999999999996
151,0.15239999999999998,0.19799999999999995
152,0.15700000000000003,0.17889999999999995
153,0.1614,0.17120000000000002
154,0.16090000000000004,0.1725
155,0.15690000000000004,0.24509999999999998
156,0.15300000000000002,0.18520000000000003
157,0.15359999999999996,0.17290000000000005
158,0.16410000000000002,0.18889999999999996
159,0.17369999999999997,0.1795
160,0.16249999999999998,0.21699999999999997
161,0.14890000000000003,0.17830000000000001
162,0.17059999999999997,0.15200000000000002
163,0.17090000000000005,0.14900000000000002
164,0.17279999999999995,0.16510000000000002
165,0.16300000000000003,0.21909999999999996
166,0.1644,0.20109999999999995
167,0.15369999999999995,0.12270000000000003
168,0.16410000000000002,0.11460000000000004
169,0.17769999999999997,0.0786
170,0.2137,0.07330000000000003
171,0.21189999999999998,0.06889999999999996
172,0.21540000000000004,0.04610000000000003
173,0.22709999999999997,0.052200000000000024
174,0.265,0.046499999999999986
175,0.25549999999999995,0.031399999999999983
176,0.2602,0.027100000000000013
177,0.27580000000000005,0.027000000000000024
178,0.2399,0.03049999999999997
179,0.2662,0.02529999999999999
180,0.21489999999999998,0.031100000000000017
181,0.22550000000000003,0.026900000000000035
182,0.21399999999999997,0.028699999999999948
183,0.23809999999999998,0.02400000000000002
184,0.22430000000000005,0.023299999999999987
185,0.22860000000000003,0.02180000000000004
186,0.2118,0.021700000000000053
187,0.22240000000000004,0.024499999999999966
188,0.22599999999999998,0.04810000000000003
189,0.2267,0.04490000000000005
190,0.22819999999999996,0.029100000000000015
191,0.23470000000000002,0.03590000000000004
192,0.21650000000000003,0.04079999999999995
193,0.22130000000000005,0.03510000000000002
194,0.21540000000000004,0.053100000000000036
195,0.2066,0.040100000000000025
196,0.20189999999999997,0.03649999999999998
197,0.2148,0.04679999999999995
