,proposed_on_the_phone_loss,baseline_on_the_phone_loss
439,0.23440000000000005,0.9868
440,0.24080000000000001,0.9887
441,0.2501,0.9875
442,0.2541,0.9867
443,0.24639999999999995,0.9882
444,0.2509,0.9879
445,0.2561,0.9879
446,0.2642,0.9901
447,0.25049999999999994,0.9905
448,0.25770000000000004,0.9895
449,0.2571,0.9897
450,0.2479,0.9901
451,0.2469,0.9902
452,0.22899999999999998,0.99
453,0.2369,0.9901
454,0.23909999999999998,0.99
455,0.23129999999999995,0.9898
456,0.24480000000000002,0.9898
457,0.22340000000000004,0.9896
458,0.23560000000000003,0.9887
459,0.24160000000000004,0.9893
460,0.22430000000000005,0.9899
461,0.21099999999999997,0.99
462,0.20709999999999995,0.9912
463,0.19389999999999996,0.9936
464,0.18979999999999997,0.991
465,0.1886,0.9938
466,0.18259999999999998,0.9928
467,0.1694,0.9934
468,0.18689999999999996,0.9934
469,0.1784,0.9933
470,0.17779999999999996,0.994
471,0.1733,0.9933
472,0.17369999999999997,0.9939
473,0.15810000000000002,0.9944
474,0.17200000000000004,0.9946
475,0.16510000000000002,0.9935
476,0.16769999999999996,0.9943
477,0.1694,0.9942
478,0.16569999999999996,0.9943
479,0.1674,0.9935
480,0.17359999999999998,0.9941
481,0.17420000000000002,0.9943
482,0.17479999999999996,0.9942
483,0.17569999999999997,0.9944
484,0.17559999999999998,0.994
485,0.17679999999999996,0.9928
486,0.18289999999999995,0.9925
487,0.18279999999999996,0.9917
488,0.18689999999999996,0.9923
489,0.17720000000000002,0.9926
490,0.1884,0.9925
491,0.1845,0.9924
492,0.18000000000000005,0.9924
493,0.17600000000000005,0.9919
494,0.17479999999999996,0.9921
495,0.18589999999999995,0.9917
496,0.17810000000000004,0.9906
497,0.17469999999999997,0.9915
498,0.1814,0.9917
499,0.1755,0.992
500,0.1784,0.9913
