,proposed_raise_hand_loss,baseline_raise_hand_loss
0,0.026900000000000035,0.7553
1,0.024599999999999955,0.7162999999999999
2,0.03310000000000002,0.7827999999999999
3,0.02839999999999998,0.7256
4,0.027599999999999958,0.7493000000000001
5,0.03720000000000001,0.7888
6,0.027900000000000036,0.8072
7,0.027699999999999947,0.8084
8,0.02839999999999998,0.7634
9,0.0252,0.8309
10,0.029100000000000015,0.8839
11,0.033499999999999974,0.8865
12,0.0363,0.8852
13,0.03490000000000004,0.8868
14,0.039100000000000024,0.8648
15,0.04349999999999998,0.8230999999999999
16,0.04700000000000004,0.8697
17,0.05559999999999998,0.9275
18,0.05720000000000003,0.9072
19,0.06510000000000005,0.9162
20,0.0665,0.8234
21,0.06020000000000003,0.942
22,0.06420000000000003,0.8909
23,0.06710000000000005,0.935
24,0.07220000000000004,0.9566
25,0.07850000000000001,0.9404
26,0.08630000000000004,0.8881
27,0.09019999999999995,0.8612
28,0.0847,0.6345000000000001
29,0.08879999999999999,0.6065
30,0.08789999999999998,0.16500000000000004
31,0.09030000000000005,0.21709999999999996
32,0.09360000000000002,0.37139999999999995
33,0.09630000000000005,0.5525
34,0.08840000000000003,0.3801
35,0.08779999999999999,0.3146
36,0.08360000000000001,0.46630000000000005
37,0.08620000000000005,0.4091
38,0.08589999999999998,0.5012
39,0.0917,0.394
40,0.0947,0.7314
41,0.09930000000000005,0.3992
42,0.09189999999999998,0.4143
43,0.0948,0.5869
44,0.0998,0.7938000000000001
45,0.00880000000000003,0.4135
46,0.005600000000000049,0.361
47,0.005099999999999993,0.11060000000000003
48,0.0039000000000000146,0.0484
49,0.0039000000000000146,0.06310000000000004
50,0.0037000000000000366,0.38160000000000005
51,0.0047000000000000375,0.46220000000000006
52,0.0042999999999999705,0.5640000000000001
53,0.0039000000000000146,0.28290000000000004
54,0.0034999999999999476,0.061799999999999966
55,0.0036000000000000476,0.1411
56,0.0030999999999999917,0.10009999999999997
57,0.0032999999999999696,0.02859999999999996
58,0.0030999999999999917,0.03320000000000001
59,0.0039000000000000146,0.031200000000000006
60,0.0039000000000000146,0.049799999999999955
61,0.0038000000000000256,0.04510000000000003
62,0.0042999999999999705,0.033399999999999985
63,0.0044999999999999485,0.030299999999999994
64,0.0043999999999999595,0.05559999999999998
65,0.0046000000000000485,0.05249999999999999
66,0.0046000000000000485,0.036599999999999966
67,0.0048000000000000265,0.1531
68,0.005700000000000038,0.11980000000000002
69,0.006299999999999972,0.06220000000000003
70,0.005600000000000049,0.08589999999999998
71,0.006099999999999994,0.1794
72,0.007399999999999962,0.1642
73,0.008600000000000052,0.33699999999999997
74,0.011800000000000033,0.14349999999999996
75,0.017900000000000027,0.4749
76,0.026000000000000023,0.7337
