,proposed_actual_class,proposed_bored,proposed_engaged,proposed_on_the_phone,proposed_raise_hand,baseline_bored,baseline_engaged,baseline_on_the_phone,baseline_raise_hand,proposed,baseline
0,raise_hand,0.0,0.0,0.0269,0.9731,0.7551,0.0002,0.0,0.2447,0.026900000000000035,0.7553
1,raise_hand,0.0,0.0,0.0246,0.9754,0.7162,0.0002,0.0,0.2837,0.024599999999999955,0.7162999999999999
2,raise_hand,0.0,0.0,0.0331,0.9669,0.7826,0.0002,0.0,0.2172,0.03310000000000002,0.7827999999999999
3,raise_hand,0.0,0.0,0.0283,0.9716,0.7255,0.0002,0.0,0.2744,0.02839999999999998,0.7256
4,raise_hand,0.0,0.0,0.0276,0.9724,0.7491,0.0002,0.0,0.2507,0.027599999999999958,0.7493000000000001
5,raise_hand,0.0,0.0,0.0371,0.9628,0.7886,0.0002,0.0,0.2112,0.03720000000000001,0.7888
6,raise_hand,0.0,0.0,0.0279,0.9721,0.807,0.0002,0.0,0.1928,0.027900000000000036,0.8072
7,raise_hand,0.0,0.0,0.0277,0.9723,0.8082,0.0002,0.0,0.1916,0.027699999999999947,0.8084
8,raise_hand,0.0,0.0,0.0284,0.9716,0.7633,0.0002,0.0,0.2366,0.02839999999999998,0.7634
9,raise_hand,0.0,0.0,0.0252,0.9748,0.8307,0.0002,0.0,0.1691,0.0252,0.8309
10,raise_hand,0.0,0.0,0.029,0.9709,0.8837,0.0002,0.0,0.1161,0.029100000000000015,0.8839
11,raise_hand,0.0,0.0,0.0335,0.9665,0.8863,0.0002,0.0,0.1135,0.033499999999999974,0.8865
12,raise_hand,0.0,0.0,0.0363,0.9637,0.8851,0.0002,0.0,0.1148,0.0363,0.8852
13,raise_hand,0.0,0.0,0.0349,0.9651,0.8866,0.0002,0.0,0.1132,0.03490000000000004,0.8868
14,raise_hand,0.0,0.0,0.0391,0.9609,0.8646,0.0002,0.0,0.1352,0.039100000000000024,0.8648
15,raise_hand,0.0,0.0,0.0435,0.9565,0.8228,0.0003,0.0,0.1769,0.04349999999999998,0.8230999999999999
16,raise_hand,0.0,0.0,0.047,0.953,0.8694,0.0002,0.0,0.1303,0.04700000000000004,0.8697
17,raise_hand,0.0,0.0,0.0556,0.9444,0.9273,0.0002,0.0,0.0725,0.05559999999999998,0.9275
18,raise_hand,0.0,0.0,0.0572,0.9428,0.9069,0.0002,0.0,0.0928,0.05720000000000003,0.9072
19,raise_hand,0.0,0.0,0.0651,0.9349,0.916,0.0002,0.0,0.0838,0.06510000000000005,0.9162
20,raise_hand,0.0,0.0,0.0665,0.9335,0.8229,0.0004,0.0001,0.1766,0.0665,0.8234
21,raise_hand,0.0,0.0,0.0602,0.9398,0.9417,0.0002,0.0001,0.058,0.06020000000000003,0.942
22,raise_hand,0.0,0.0,0.0642,0.9358,0.8906,0.0003,0.0001,0.1091,0.06420000000000003,0.8909
23,raise_hand,0.0,0.0,0.0671,0.9329,0.9348,0.0002,0.0001,0.065,0.06710000000000005,0.935
24,raise_hand,0.0,0.0,0.0722,0.9278,0.9564,0.0002,0.0001,0.0434,0.07220000000000004,0.9566
25,raise_hand,0.0001,0.0,0.0785,0.9215,0.9402,0.0002,0.0001,0.0596,0.07850000000000001,0.9404
26,raise_hand,0.0001,0.0,0.0862,0.9137,0.8876,0.0003,0.0001,0.1119,0.08630000000000004,0.8881
27,raise_hand,0.0001,0.0,0.0902,0.9098,0.8606,0.0004,0.0002,0.1388,0.09019999999999995,0.8612
28,raise_hand,0.0001,0.0,0.0847,0.9153,0.6336,0.0007,0.0002,0.3655,0.0847,0.6345000000000001
29,raise_hand,0.0001,0.0,0.0887,0.9112,0.6056,0.0007,0.0002,0.3935,0.08879999999999999,0.6065
30,raise_hand,0.0001,0.0,0.0879,0.9121,0.1641,0.0008,0.0002,0.835,0.08789999999999998,0.16500000000000004
31,raise_hand,0.0001,0.0,0.0903,0.9097,0.216,0.0009,0.0002,0.7829,0.09030000000000005,0.21709999999999996
32,raise_hand,0.0001,0.0,0.0935,0.9064,0.37,0.001,0.0004,0.6286,0.09360000000000002,0.37139999999999995
33,raise_hand,0.0001,0.0,0.0962,0.9037,0.5514,0.0008,0.0003,0.4475,0.09630000000000005,0.5525
34,raise_hand,0.0001,0.0,0.0884,0.9116,0.3787,0.0011,0.0004,0.6199,0.08840000000000003,0.3801
35,raise_hand,0.0001,0.0,0.0877,0.9122,0.3131,0.0012,0.0004,0.6854,0.08779999999999999,0.3146
36,raise_hand,0.0001,0.0,0.0835,0.9164,0.4649,0.0011,0.0004,0.5337,0.08360000000000001,0.46630000000000005
37,raise_hand,0.0001,0.0,0.0861,0.9138,0.4077,0.0011,0.0004,0.5909,0.08620000000000005,0.4091
38,raise_hand,0.0001,0.0,0.0858,0.9141,0.4995,0.0012,0.0005,0.4988,0.08589999999999998,0.5012
39,raise_hand,0.0001,0.0,0.0916,0.9083,0.3922,0.0012,0.0005,0.606,0.0917,0.394
40,raise_hand,0.0001,0.0,0.0946,0.9053,0.73,0.0009,0.0005,0.2686,0.0947,0.7314
41,raise_hand,0.0001,0.0,0.0993,0.9007,0.3974,0.0013,0.0006,0.6008,0.09930000000000005,0.3992
42,raise_hand,0.0001,0.0,0.0918,0.9081,0.4125,0.0013,0.0005,0.5857,0.09189999999999998,0.4143
43,raise_hand,0.0001,0.0,0.0947,0.9052,0.5852,0.0011,0.0005,0.4131,0.0948,0.5869
44,raise_hand,0.0001,0.0,0.0997,0.9002,0.7925,0.0008,0.0005,0.2062,0.0998,0.7938000000000001
45,raise_hand,0.0004,0.0,0.0085,0.9912,0.0134,0.4001,0.0,0.5865,0.00880000000000003,0.4135
46,raise_hand,0.0003,0.0,0.0053,0.9944,0.0121,0.3489,0.0,0.639,0.005600000000000049,0.361
47,raise_hand,0.0003,0.0,0.0048,0.9949,0.0064,0.1042,0.0,0.8894,0.005099999999999993,0.11060000000000003
48,raise_hand,0.0003,0.0,0.0037,0.9961,0.0037,0.0447,0.0,0.9516,0.0039000000000000146,0.0484
49,raise_hand,0.0003,0.0,0.0036,0.9961,0.0041,0.059,0.0,0.9369,0.0039000000000000146,0.06310000000000004
50,raise_hand,0.0002,0.0,0.0035,0.9963,0.0104,0.3712,0.0,0.6184,0.0037000000000000366,0.38160000000000005
51,raise_hand,0.0003,0.0,0.0044,0.9953,0.0117,0.4505,0.0,0.5378,0.0047000000000000375,0.46220000000000006
52,raise_hand,0.0003,0.0,0.004,0.9957,0.0124,0.5516,0.0,0.436,0.0042999999999999705,0.5640000000000001
53,raise_hand,0.0003,0.0,0.0036,0.9961,0.0096,0.2733,0.0,0.7171,0.0039000000000000146,0.28290000000000004
54,raise_hand,0.0002,0.0,0.0032,0.9965,0.0044,0.0574,0.0,0.9382,0.0034999999999999476,0.061799999999999966
55,raise_hand,0.0002,0.0,0.0034,0.9964,0.0075,0.1336,0.0,0.8589,0.0036000000000000476,0.1411
56,raise_hand,0.0002,0.0,0.0028,0.9969,0.0059,0.0943,0.0,0.8999,0.0030999999999999917,0.10009999999999997
57,raise_hand,0.0002,0.0,0.0031,0.9967,0.0027,0.0259,0.0,0.9714,0.0032999999999999696,0.02859999999999996
58,raise_hand,0.0002,0.0,0.0029,0.9969,0.0029,0.0303,0.0,0.9668,0.0030999999999999917,0.03320000000000001
59,raise_hand,0.0003,0.0,0.0036,0.9961,0.003,0.0282,0.0,0.9688,0.0039000000000000146,0.031200000000000006
60,raise_hand,0.0003,0.0,0.0036,0.9961,0.0038,0.046,0.0,0.9502,0.0039000000000000146,0.049799999999999955
61,raise_hand,0.0002,0.0,0.0035,0.9962,0.0034,0.0417,0.0,0.9549,0.0038000000000000256,0.04510000000000003
62,raise_hand,0.0003,0.0,0.004,0.9957,0.0028,0.0307,0.0,0.9666,0.0042999999999999705,0.033399999999999985
63,raise_hand,0.0003,0.0,0.0043,0.9955,0.0028,0.0275,0.0,0.9697,0.0044999999999999485,0.030299999999999994
64,raise_hand,0.0002,0.0,0.0042,0.9956,0.0039,0.0516,0.0,0.9444,0.0043999999999999595,0.05559999999999998
65,raise_hand,0.0003,0.0,0.0044,0.9954,0.0039,0.0487,0.0,0.9475,0.0046000000000000485,0.05249999999999999
66,raise_hand,0.0002,0.0,0.0044,0.9954,0.0032,0.0334,0.0,0.9634,0.0046000000000000485,0.036599999999999966
67,raise_hand,0.0003,0.0,0.0045,0.9952,0.0075,0.1456,0.0,0.8469,0.0048000000000000265,0.1531
68,raise_hand,0.0003,0.0,0.0054,0.9943,0.0066,0.1132,0.0,0.8802,0.005700000000000038,0.11980000000000002
69,raise_hand,0.0003,0.0,0.0059,0.9937,0.0043,0.0579,0.0,0.9378,0.006299999999999972,0.06220000000000003
70,raise_hand,0.0003,0.0,0.0054,0.9944,0.0053,0.0806,0.0,0.9141,0.005600000000000049,0.08589999999999998
71,raise_hand,0.0003,0.0,0.0058,0.9939,0.0079,0.1714,0.0,0.8206,0.006099999999999994,0.1794
72,raise_hand,0.0004,0.0,0.007,0.9926,0.0077,0.1566,0.0,0.8358,0.007399999999999962,0.1642
73,raise_hand,0.0004,0.0,0.0082,0.9914,0.0138,0.3232,0.0,0.663,0.008600000000000052,0.33699999999999997
74,raise_hand,0.0006,0.0,0.0112,0.9882,0.0081,0.1354,0.0,0.8565,0.011800000000000033,0.14349999999999996
75,raise_hand,0.0007,0.0,0.0171,0.9821,0.0166,0.4583,0.0,0.5251,0.017900000000000027,0.4749
76,raise_hand,0.0011,0.0,0.0249,0.974,0.0188,0.7148,0.0,0.2663,0.026000000000000023,0.7337
77,engaged,0.0113,0.5136,0.4669,0.0082,0.0314,0.9495,0.0,0.0191,0.48640000000000005,0.05049999999999999
78,engaged,0.0116,0.4625,0.5155,0.0103,0.0171,0.9675,0.0,0.0155,0.5375,0.03249999999999997
79,engaged,0.0116,0.4641,0.514,0.0103,0.0169,0.9661,0.0,0.017,0.5359,0.03390000000000004
80,engaged,0.0115,0.4851,0.4941,0.0093,0.018,0.9594,0.0,0.0226,0.5149,0.04059999999999997
81,engaged,0.0117,0.4592,0.5187,0.0105,0.0215,0.9459,0.0,0.0326,0.5408,0.05410000000000004
82,engaged,0.0116,0.4639,0.5142,0.0103,0.0223,0.9424,0.0,0.0353,0.5361,0.057599999999999985
83,engaged,0.0116,0.4774,0.5014,0.0097,0.0235,0.9372,0.0,0.0393,0.5226,0.06279999999999997
84,engaged,0.0116,0.4711,0.5074,0.0099,0.0231,0.9381,0.0,0.0388,0.5288999999999999,0.061899999999999955
85,engaged,0.0117,0.4548,0.5228,0.0107,0.023,0.939,0.0,0.038,0.5452,0.061000000000000054
86,engaged,0.0115,0.4809,0.498,0.0095,0.0232,0.9379,0.0,0.0389,0.5191,0.062100000000000044
87,engaged,0.0117,0.4489,0.5284,0.011,0.0227,0.9396,0.0,0.0377,0.5510999999999999,0.06040000000000001
88,engaged,0.0115,0.4888,0.4905,0.0092,0.027,0.9216,0.0,0.0514,0.5112,0.07840000000000003
89,engaged,0.0114,0.4952,0.4844,0.009,0.0275,0.9178,0.0,0.0548,0.5048,0.08220000000000005
90,engaged,0.0112,0.5184,0.4623,0.0081,0.0269,0.9205,0.0,0.0526,0.48160000000000003,0.07950000000000002
91,engaged,0.0115,0.4867,0.4925,0.0093,0.0279,0.9141,0.0,0.0579,0.5133,0.08589999999999998
92,engaged,0.0114,0.5015,0.4784,0.0087,0.0271,0.9184,0.0,0.0544,0.49850000000000005,0.0816
93,engaged,0.0113,0.5096,0.4707,0.0084,0.0277,0.9158,0.0,0.0565,0.49039999999999995,0.08420000000000005
94,engaged,0.0112,0.5263,0.4548,0.0078,0.0293,0.9067,0.0,0.064,0.4737,0.09330000000000005
95,engaged,0.011,0.5431,0.4388,0.0072,0.0267,0.9195,0.0,0.0538,0.4569,0.08050000000000002
96,engaged,0.0112,0.5271,0.454,0.0077,0.0285,0.9109,0.0,0.0606,0.4729,0.08909999999999996
97,engaged,0.0112,0.5189,0.4618,0.008,0.0269,0.9189,0.0,0.0542,0.48109999999999997,0.08109999999999995
98,engaged,0.0113,0.5153,0.4653,0.0082,0.0223,0.9398,0.0,0.038,0.4847,0.06020000000000003
99,engaged,0.0113,0.5056,0.4746,0.0085,0.0272,0.9171,0.0,0.0557,0.49439999999999995,0.08289999999999997
100,engaged,0.0112,0.5229,0.458,0.0079,0.0254,0.9257,0.0,0.049,0.47709999999999997,0.07430000000000003
101,engaged,0.0113,0.512,0.4684,0.0083,0.0216,0.9429,0.0,0.0355,0.488,0.05710000000000004
102,engaged,0.0112,0.5192,0.4615,0.008,0.0225,0.9391,0.0,0.0384,0.4808,0.060899999999999954
103,engaged,0.0112,0.5224,0.4585,0.0079,0.0212,0.944,0.0,0.0349,0.4776,0.05600000000000005
104,engaged,0.0114,0.4938,0.4857,0.009,0.0219,0.9422,0.0,0.036,0.5062,0.05779999999999996
105,engaged,0.0116,0.4769,0.5019,0.0097,0.0189,0.9552,0.0,0.0259,0.5231,0.04479999999999995
106,engaged,0.0116,0.4689,0.5094,0.0101,0.0146,0.9698,0.0,0.0155,0.5311,0.030200000000000005
107,engaged,0.0114,0.4997,0.4802,0.0088,0.0201,0.9634,0.0,0.0165,0.5003,0.036599999999999966
108,engaged,0.0113,0.5135,0.4669,0.0083,0.0201,0.9634,0.0,0.0165,0.48650000000000004,0.036599999999999966
109,engaged,0.0118,0.4333,0.5431,0.0118,0.0148,0.9725,0.0,0.0127,0.5667,0.02749999999999997
110,engaged,0.0114,0.4962,0.4834,0.0089,0.0376,0.9456,0.0,0.0168,0.5038,0.054400000000000004
111,engaged,0.0109,0.5562,0.4261,0.0068,0.0827,0.8897,0.0,0.0276,0.4438,0.11029999999999995
112,engaged,0.0104,0.6003,0.3839,0.0054,0.0464,0.9324,0.0,0.0212,0.39970000000000006,0.0676
113,engaged,0.0082,0.7457,0.2438,0.0023,0.1307,0.8291,0.0,0.0402,0.25429999999999997,0.17090000000000005
114,engaged,0.007,0.806,0.1856,0.0014,0.1396,0.8153,0.0,0.0451,0.19399999999999995,0.18469999999999998
115,engaged,0.006,0.8491,0.144,0.0009,0.1157,0.833,0.0,0.0513,0.15090000000000003,0.16700000000000004
116,engaged,0.0061,0.8478,0.1453,0.0009,0.1041,0.8506,0.0,0.0453,0.1522,0.14939999999999998
117,engaged,0.0067,0.8183,0.1738,0.0012,0.1156,0.8435,0.0,0.0409,0.18169999999999997,0.15649999999999997
118,engaged,0.007,0.8063,0.1853,0.0014,0.1109,0.8456,0.0,0.0435,0.19369999999999998,0.15439999999999998
119,engaged,0.0068,0.8155,0.1764,0.0012,0.1033,0.8551,0.0,0.0416,0.1845,0.14490000000000003
120,engaged,0.0068,0.8146,0.1773,0.0012,0.0964,0.8623,0.0,0.0414,0.1854,0.13770000000000004
121,engaged,0.0067,0.8221,0.1701,0.0012,0.0876,0.8715,0.0,0.0409,0.17789999999999995,0.12849999999999995
122,engaged,0.0065,0.8312,0.1613,0.0011,0.0966,0.863,0.0,0.0404,0.16879999999999995,0.137
123,engaged,0.0063,0.8365,0.1562,0.001,0.0883,0.8735,0.0,0.0382,0.16349999999999998,0.12649999999999995
124,engaged,0.0064,0.8338,0.1588,0.001,0.0792,0.8806,0.0,0.0402,0.16620000000000001,0.11939999999999995
125,engaged,0.0066,0.8223,0.1699,0.0011,0.0864,0.8714,0.0,0.0422,0.17769999999999997,0.12860000000000005
126,engaged,0.0069,0.8253,0.1667,0.0011,0.0902,0.8713,0.0,0.0384,0.17469999999999997,0.12870000000000004
127,engaged,0.0065,0.828,0.1644,0.0011,0.1085,0.8442,0.0,0.0473,0.17200000000000004,0.15580000000000005
128,engaged,0.0064,0.8443,0.1483,0.0009,0.0925,0.8632,0.0,0.0444,0.15569999999999995,0.13680000000000003
129,engaged,0.0063,0.8412,0.1515,0.0009,0.096,0.8608,0.0,0.0432,0.15880000000000005,0.1392
130,engaged,0.0062,0.8394,0.1534,0.001,0.1226,0.8311,0.0,0.0462,0.16059999999999997,0.16890000000000005
131,engaged,0.0062,0.8407,0.1521,0.0009,0.1154,0.8385,0.0,0.0461,0.1593,0.16149999999999998
132,engaged,0.0065,0.8351,0.1574,0.001,0.1086,0.8446,0.0,0.0468,0.16490000000000005,0.15539999999999998
133,engaged,0.0066,0.8408,0.1517,0.001,0.1098,0.8403,0.0,0.0499,0.1592,0.15969999999999995
134,engaged,0.0065,0.8301,0.1624,0.0011,0.1318,0.8159,0.0,0.0523,0.16990000000000005,0.18410000000000004
135,engaged,0.0067,0.8216,0.1706,0.0012,0.1373,0.8128,0.0,0.0499,0.1784,0.18720000000000003
136,engaged,0.0073,0.8398,0.1519,0.001,0.1389,0.8048,0.0,0.0563,0.1602,0.19520000000000004
137,engaged,0.0064,0.832,0.1606,0.001,0.1206,0.8251,0.0,0.0543,0.16800000000000004,0.17490000000000006
138,engaged,0.0073,0.8419,0.1497,0.001,0.1051,0.8431,0.0,0.0518,0.15810000000000002,0.15690000000000004
139,engaged,0.0082,0.8483,0.1424,0.001,0.1759,0.7603,0.0,0.0638,0.15169999999999995,0.23970000000000002
140,engaged,0.0061,0.8457,0.1473,0.0009,0.151,0.7934,0.0,0.0556,0.1543,0.2066
141,engaged,0.0061,0.8455,0.1475,0.0009,0.0995,0.853,0.0,0.0475,0.15449999999999997,0.14700000000000002
142,engaged,0.0062,0.8412,0.1517,0.0009,0.1428,0.7986,0.0,0.0586,0.15880000000000005,0.20140000000000002
143,engaged,0.0062,0.8404,0.1524,0.001,0.1296,0.815,0.0,0.0554,0.15959999999999996,0.18500000000000005
144,engaged,0.0063,0.8368,0.1559,0.001,0.1201,0.8265,0.0,0.0534,0.1632,0.1735
145,engaged,0.0061,0.8435,0.1495,0.0009,0.1421,0.8029,0.0,0.055,0.15649999999999997,0.19710000000000005
146,engaged,0.006,0.8479,0.1452,0.0009,0.1007,0.8513,0.0,0.0479,0.1521,0.14870000000000005
147,engaged,0.0063,0.8499,0.143,0.0009,0.133,0.811,0.0,0.056,0.1501,0.18899999999999995
148,engaged,0.0068,0.85,0.1423,0.0009,0.1557,0.7876,0.0,0.0567,0.15000000000000002,0.21240000000000003
149,engaged,0.0065,0.8388,0.1537,0.001,0.1086,0.8405,0.0,0.0509,0.1612,0.15949999999999998
150,engaged,0.0065,0.8304,0.162,0.0011,0.1299,0.8182,0.0,0.052,0.16959999999999997,0.18179999999999996
151,engaged,0.0066,0.8476,0.1449,0.0009,0.1405,0.802,0.0,0.0576,0.15239999999999998,0.19799999999999995
152,engaged,0.0073,0.843,0.1487,0.001,0.1289,0.8211,0.0,0.05,0.15700000000000003,0.17889999999999995
153,engaged,0.0063,0.8386,0.154,0.001,0.1171,0.8288,0.0,0.0541,0.1614,0.17120000000000002
154,engaged,0.0063,0.8391,0.1536,0.001,0.1207,0.8275,0.0,0.0519,0.16090000000000004,0.1725
155,engaged,0.0064,0.8431,0.1496,0.0009,0.1829,0.7549,0.0,0.0622,0.15690000000000004,0.24509999999999998
156,engaged,0.0072,0.847,0.1448,0.001,0.134,0.8148,0.0,0.0512,0.15300000000000002,0.18520000000000003
157,engaged,0.0069,0.8464,0.1458,0.001,0.1237,0.8271,0.0,0.0492,0.15359999999999996,0.17290000000000005
158,engaged,0.0071,0.8359,0.156,0.0011,0.1362,0.8111,0.0,0.0526,0.16410000000000002,0.18889999999999996
159,engaged,0.0066,0.8263,0.166,0.0011,0.124,0.8205,0.0,0.0555,0.17369999999999997,0.1795
160,engaged,0.0063,0.8375,0.1553,0.001,0.1615,0.783,0.0,0.0555,0.16249999999999998,0.21699999999999997
161,engaged,0.0066,0.8511,0.1414,0.0009,0.1271,0.8217,0.0,0.0513,0.14890000000000003,0.17830000000000001
162,engaged,0.0065,0.8294,0.163,0.0011,0.1042,0.848,0.0,0.0478,0.17059999999999997,0.15200000000000002
163,engaged,0.0065,0.8291,0.1633,0.0011,0.1033,0.851,0.0,0.0458,0.17090000000000005,0.14900000000000002
164,engaged,0.0065,0.8272,0.1652,0.0011,0.1139,0.8349,0.0,0.0512,0.17279999999999995,0.16510000000000002
165,engaged,0.0073,0.837,0.1546,0.0011,0.1606,0.7809,0.0,0.0585,0.16300000000000003,0.21909999999999996
166,engaged,0.0063,0.8356,0.1571,0.001,0.148,0.7989,0.0,0.053,0.1644,0.20109999999999995
167,engaged,0.0061,0.8463,0.1467,0.0009,0.0773,0.8773,0.0,0.0454,0.15369999999999995,0.12270000000000003
168,engaged,0.0063,0.8359,0.1568,0.001,0.0694,0.8854,0.0,0.0452,0.16410000000000002,0.11460000000000004
169,engaged,0.0067,0.8223,0.1699,0.0012,0.0413,0.9214,0.0,0.0373,0.17769999999999997,0.0786
170,engaged,0.0074,0.7863,0.2047,0.0016,0.041,0.9267,0.0,0.0323,0.2137,0.07330000000000003
171,engaged,0.0074,0.7881,0.2029,0.0016,0.0375,0.9311,0.0,0.0314,0.21189999999999998,0.06889999999999996
172,engaged,0.0075,0.7846,0.2063,0.0017,0.0256,0.9539,0.0,0.0205,0.21540000000000004,0.04610000000000003
173,engaged,0.0077,0.7729,0.2176,0.0018,0.0305,0.9478,0.0,0.0217,0.22709999999999997,0.052200000000000024
174,engaged,0.0084,0.735,0.2541,0.0024,0.0277,0.9535,0.0,0.0188,0.265,0.046499999999999986
175,engaged,0.0083,0.7445,0.245,0.0023,0.0168,0.9686,0.0,0.0146,0.25549999999999995,0.031399999999999983
176,engaged,0.0083,0.7398,0.2495,0.0023,0.0137,0.9729,0.0,0.0134,0.2602,0.027100000000000013
177,engaged,0.0086,0.7242,0.2646,0.0026,0.0137,0.973,0.0,0.0133,0.27580000000000005,0.027000000000000024
178,engaged,0.008,0.7601,0.23,0.002,0.0148,0.9695,0.0,0.0158,0.2399,0.03049999999999997
179,engaged,0.0084,0.7338,0.2553,0.0024,0.0128,0.9747,0.0,0.0125,0.2662,0.02529999999999999
180,engaged,0.0075,0.7851,0.2058,0.0016,0.0147,0.9689,0.0,0.0164,0.21489999999999998,0.031100000000000017
181,engaged,0.0077,0.7745,0.216,0.0018,0.0133,0.9731,0.0,0.0137,0.22550000000000003,0.026900000000000035
182,engaged,0.0074,0.786,0.205,0.0016,0.0139,0.9713,0.0,0.0148,0.21399999999999997,0.028699999999999948
183,engaged,0.0079,0.7619,0.2282,0.002,0.0123,0.976,0.0,0.0117,0.23809999999999998,0.02400000000000002
184,engaged,0.0077,0.7757,0.2148,0.0018,0.0121,0.9767,0.0,0.0112,0.22430000000000005,0.023299999999999987
185,engaged,0.0077,0.7714,0.2191,0.0018,0.0115,0.9782,0.0,0.0102,0.22860000000000003,0.02180000000000004
186,engaged,0.0074,0.7882,0.2028,0.0016,0.0122,0.9783,0.0,0.0095,0.2118,0.021700000000000053
187,engaged,0.0076,0.7776,0.213,0.0017,0.0139,0.9755,0.0,0.0106,0.22240000000000004,0.024499999999999966
188,engaged,0.0077,0.774,0.2165,0.0018,0.0316,0.9519,0.0,0.0166,0.22599999999999998,0.04810000000000003
189,engaged,0.0077,0.7733,0.2171,0.0018,0.0287,0.9551,0.0,0.0162,0.2267,0.04490000000000005
190,engaged,0.0077,0.7718,0.2187,0.0018,0.0164,0.9709,0.0,0.0127,0.22819999999999996,0.029100000000000015
191,engaged,0.0079,0.7653,0.2249,0.0019,0.0212,0.9641,0.0,0.0147,0.23470000000000002,0.03590000000000004
192,engaged,0.0075,0.7835,0.2073,0.0017,0.0264,0.9592,0.0,0.0144,0.21650000000000003,0.04079999999999995
193,engaged,0.0076,0.7787,0.2119,0.0017,0.0211,0.9649,0.0,0.014,0.22130000000000005,0.03510000000000002
194,engaged,0.0075,0.7846,0.2063,0.0016,0.0362,0.9469,0.0,0.0169,0.21540000000000004,0.053100000000000036
195,engaged,0.0073,0.7934,0.1977,0.0015,0.0254,0.9599,0.0,0.0147,0.2066,0.040100000000000025
196,engaged,0.0072,0.7981,0.1933,0.0015,0.0214,0.9635,0.0,0.0151,0.20189999999999997,0.03649999999999998
197,engaged,0.0075,0.7852,0.2057,0.0016,0.0306,0.9532,0.0,0.0162,0.2148,0.04679999999999995
198,bored,0.669,0.0782,0.1192,0.1336,0.9971,0.0,0.0023,0.0006,0.33099999999999996,0.0029000000000000137
199,bored,0.8004,0.0512,0.0571,0.0914,0.9968,0.0,0.0025,0.0007,0.1996,0.0031999999999999806
200,bored,0.8373,0.06,0.0433,0.0594,0.9966,0.0,0.0027,0.0007,0.16269999999999996,0.0033999999999999586
201,bored,0.7894,0.0712,0.063,0.0764,0.9966,0.0,0.0027,0.0007,0.2106,0.0033999999999999586
202,bored,0.793,0.0665,0.0615,0.079,0.9965,0.0,0.003,0.0005,0.20699999999999996,0.0034999999999999476
203,bored,0.7863,0.0964,0.0609,0.0563,0.9968,0.0,0.0026,0.0006,0.2137,0.0031999999999999806
204,bored,0.8079,0.108,0.0464,0.0377,0.9941,0.0,0.0053,0.0006,0.19210000000000005,0.005900000000000016
205,bored,0.8396,0.0701,0.0412,0.0491,0.9939,0.0,0.0055,0.0006,0.1604,0.006099999999999994
206,bored,0.7963,0.0847,0.0584,0.0606,0.9931,0.0,0.0063,0.0006,0.2037,0.006900000000000017
207,bored,0.6144,0.1502,0.1453,0.0901,0.9912,0.0,0.0081,0.0006,0.38560000000000005,0.00880000000000003
208,bored,0.8552,0.068,0.0349,0.0418,0.992,0.0,0.0074,0.0006,0.14480000000000004,0.008000000000000007
209,bored,0.7815,0.1018,0.062,0.0547,0.9915,0.0,0.0078,0.0007,0.21850000000000003,0.008499999999999952
210,bored,0.8838,0.0633,0.0238,0.0291,0.9927,0.0,0.0068,0.0005,0.11619999999999997,0.007299999999999973
211,bored,0.8713,0.0455,0.0309,0.0523,0.9945,0.0,0.005,0.0005,0.12870000000000004,0.005499999999999949
212,bored,0.7868,0.0613,0.0638,0.0881,0.9943,0.0,0.0052,0.0005,0.21319999999999995,0.005700000000000038
213,bored,0.8314,0.0524,0.0456,0.0705,0.9947,0.0,0.0048,0.0005,0.16859999999999997,0.005299999999999971
214,bored,0.8441,0.0476,0.0406,0.0677,0.9946,0.0,0.0049,0.0004,0.15590000000000004,0.00539999999999996
215,bored,0.873,0.0342,0.0295,0.0634,0.9941,0.0,0.0054,0.0005,0.127,0.005900000000000016
216,bored,0.7973,0.0613,0.0594,0.0819,0.9945,0.0,0.005,0.0005,0.2027,0.005499999999999949
217,bored,0.7897,0.0673,0.0629,0.08,0.9954,0.0,0.0041,0.0005,0.21030000000000004,0.0046000000000000485
218,bored,0.7786,0.0726,0.0677,0.0811,0.9955,0.0,0.004,0.0005,0.22140000000000004,0.0044999999999999485
219,bored,0.7003,0.1351,0.0971,0.0674,0.9953,0.0,0.0042,0.0005,0.29969999999999997,0.0047000000000000375
220,bored,0.7619,0.1133,0.0692,0.0557,0.9951,0.0,0.0043,0.0005,0.23809999999999998,0.0049000000000000155
221,bored,0.7715,0.0953,0.0687,0.0646,0.9939,0.0,0.0056,0.0005,0.22850000000000004,0.006099999999999994
222,bored,0.7186,0.0958,0.0954,0.0902,0.0029,0.0016,0.0001,0.9954,0.2814,0.9971
223,bored,0.7071,0.1239,0.0965,0.0725,0.9949,0.0,0.0045,0.0006,0.29290000000000005,0.005099999999999993
224,bored,0.7116,0.1177,0.0955,0.0751,0.9939,0.0,0.0055,0.0006,0.2884,0.006099999999999994
225,bored,0.7742,0.0997,0.0662,0.0599,0.9916,0.0,0.0077,0.0007,0.2258,0.008399999999999963
226,bored,0.7268,0.0713,0.0909,0.1111,0.9932,0.0,0.006,0.0008,0.2732,0.006800000000000028
227,bored,0.7215,0.0741,0.0936,0.1108,0.993,0.0,0.0062,0.0008,0.27849999999999997,0.007000000000000006
228,bored,0.7334,0.1113,0.085,0.0702,0.9948,0.0,0.0043,0.0009,0.26659999999999995,0.005199999999999982
229,bored,0.6332,0.1431,0.1354,0.0884,0.9938,0.0,0.0054,0.0008,0.3668,0.006199999999999983
230,bored,0.6962,0.0747,0.1056,0.1235,0.9946,0.0,0.0045,0.0008,0.30379999999999996,0.00539999999999996
231,bored,0.58,0.1348,0.1701,0.1151,0.9959,0.0,0.0033,0.0008,0.42000000000000004,0.0040999999999999925
232,bored,0.569,0.2336,0.141,0.0563,0.9967,0.0,0.0024,0.0009,0.43100000000000005,0.0032999999999999696
233,bored,0.7163,0.0904,0.0968,0.0964,0.9968,0.0,0.0023,0.0009,0.28369999999999995,0.0031999999999999806
234,bored,0.6852,0.1019,0.1124,0.1006,0.9966,0.0,0.0024,0.0009,0.31479999999999997,0.0033999999999999586
235,bored,0.6358,0.1207,0.1382,0.1054,0.9969,0.0,0.0022,0.0009,0.36419999999999997,0.0030999999999999917
236,bored,0.659,0.1057,0.1264,0.1089,0.9967,0.0,0.0023,0.0009,0.34099999999999997,0.0032999999999999696
237,bored,0.4922,0.1926,0.2156,0.0996,0.9967,0.0,0.0024,0.0008,0.5078,0.0032999999999999696
238,bored,0.4665,0.194,0.2343,0.1052,0.9968,0.0,0.0023,0.0009,0.5335,0.0031999999999999806
239,bored,0.7507,0.0725,0.0801,0.0966,0.9965,0.0,0.0025,0.0009,0.24929999999999997,0.0034999999999999476
240,bored,0.585,0.1304,0.1677,0.1169,0.9969,0.0,0.0022,0.0009,0.41500000000000004,0.0030999999999999917
241,bored,0.4994,0.1071,0.2213,0.1722,0.9969,0.0,0.0021,0.0009,0.5005999999999999,0.0030999999999999917
242,bored,0.4677,0.0808,0.2307,0.2208,0.997,0.0,0.0021,0.0009,0.5323,0.0030000000000000027
243,bored,0.458,0.1273,0.2518,0.1629,0.9971,0.0,0.0021,0.0008,0.542,0.0029000000000000137
244,bored,0.5338,0.0408,0.1542,0.2712,0.997,0.0,0.0022,0.0008,0.46619999999999995,0.0030000000000000027
245,bored,0.4779,0.1144,0.2367,0.171,0.9975,0.0,0.0017,0.0008,0.5221,0.0024999999999999467
246,bored,0.2948,0.0751,0.3496,0.2805,0.9975,0.0,0.0017,0.0007,0.7052,0.0024999999999999467
247,bored,0.3909,0.1146,0.2988,0.1957,0.0015,0.0006,0.0,0.9978,0.6091,0.9985
248,bored,0.412,0.0896,0.2733,0.2251,0.998,0.0,0.0014,0.0006,0.5880000000000001,0.0020000000000000018
249,bored,0.3319,0.0625,0.3044,0.3012,0.9977,0.0,0.0016,0.0007,0.6681,0.0022999999999999687
250,bored,0.4588,0.1119,0.2494,0.18,0.9977,0.0,0.0016,0.0007,0.5412,0.0022999999999999687
251,bored,0.2935,0.0365,0.2762,0.3938,0.9985,0.0,0.0009,0.0005,0.7065,0.0014999999999999458
252,bored,0.4515,0.0396,0.1908,0.3181,0.9976,0.0,0.0017,0.0007,0.5485,0.0023999999999999577
253,bored,0.4341,0.0328,0.1842,0.3489,0.9978,0.0,0.0015,0.0006,0.5659000000000001,0.0021999999999999797
254,bored,0.4141,0.027,0.1765,0.3824,0.9978,0.0,0.0014,0.0007,0.5859,0.0021999999999999797
255,bored,0.3942,0.0463,0.2347,0.3248,0.9978,0.0,0.0015,0.0007,0.6058,0.0021999999999999797
256,bored,0.4605,0.0296,0.1634,0.3465,0.9979,0.0,0.0015,0.0006,0.5395,0.0020999999999999908
257,bored,0.4715,0.0432,0.1872,0.2981,0.9981,0.0,0.0013,0.0006,0.5285,0.0019000000000000128
258,bored,0.4876,0.043,0.179,0.2904,0.998,0.0,0.0014,0.0006,0.5124,0.0020000000000000018
259,bored,0.4103,0.0411,0.2156,0.333,0.9982,0.0,0.0011,0.0006,0.5897,0.0018000000000000238
260,bored,0.4442,0.0372,0.189,0.3296,0.9982,0.0,0.0012,0.0006,0.5558000000000001,0.0018000000000000238
261,bored,0.4112,0.0344,0.199,0.3555,0.998,0.0,0.0014,0.0006,0.5888,0.0020000000000000018
262,bored,0.4019,0.0296,0.1908,0.3777,0.9983,0.0,0.0011,0.0006,0.5981000000000001,0.0017000000000000348
263,bored,0.4459,0.0358,0.1852,0.333,0.9983,0.0,0.001,0.0006,0.5541,0.0017000000000000348
264,bored,0.3006,0.0588,0.3226,0.3181,0.9984,0.0,0.001,0.0006,0.6994,0.0016000000000000458
265,bored,0.3958,0.0731,0.2713,0.2598,0.998,0.0,0.0013,0.0007,0.6042000000000001,0.0020000000000000018
266,bored,0.2754,0.0504,0.3265,0.3476,0.998,0.0,0.0013,0.0007,0.7246,0.0020000000000000018
267,bored,0.3563,0.0434,0.2521,0.3482,0.9977,0.0,0.0015,0.0008,0.6436999999999999,0.0022999999999999687
268,bored,0.3286,0.0457,0.276,0.3497,0.998,0.0,0.0012,0.0008,0.6714,0.0020000000000000018
269,bored,0.2922,0.0763,0.3538,0.2777,0.9981,0.0,0.0011,0.0008,0.7078,0.0019000000000000128
270,bored,0.3712,0.0712,0.2864,0.2712,0.9981,0.0,0.0011,0.0008,0.6288,0.0019000000000000128
271,bored,0.2391,0.0748,0.401,0.2851,0.9976,0.0,0.0015,0.0008,0.7609,0.0023999999999999577
272,bored,0.3727,0.0617,0.2739,0.2917,0.9981,0.0,0.001,0.0008,0.6273,0.0019000000000000128
273,bored,0.2848,0.0633,0.3428,0.309,0.998,0.0,0.0012,0.0008,0.7152000000000001,0.0020000000000000018
274,bored,0.2356,0.0785,0.4089,0.2769,0.9977,0.0,0.0015,0.0007,0.7644,0.0022999999999999687
275,bored,0.2771,0.0674,0.3556,0.2999,0.9977,0.0,0.0015,0.0008,0.7229,0.0022999999999999687
276,bored,0.1519,0.0946,0.5215,0.232,0.998,0.0,0.0012,0.0008,0.8481,0.0020000000000000018
277,bored,0.2423,0.0582,0.3716,0.3278,0.9976,0.0,0.0016,0.0008,0.7577,0.0023999999999999577
278,bored,0.2222,0.0546,0.3842,0.339,0.9977,0.0,0.0015,0.0008,0.7778,0.0022999999999999687
279,bored,0.2466,0.0655,0.3804,0.3075,0.9977,0.0,0.0014,0.0008,0.7534,0.0022999999999999687
280,bored,0.2226,0.0674,0.4072,0.3027,0.9977,0.0,0.0014,0.0009,0.7774,0.0022999999999999687
281,bored,0.2482,0.0684,0.3833,0.3001,0.9976,0.0,0.0015,0.0008,0.7518,0.0023999999999999577
282,bored,0.2665,0.1371,0.4092,0.1872,0.9975,0.0,0.0016,0.0009,0.7335,0.0024999999999999467
283,bored,0.2234,0.1393,0.4531,0.1843,0.9975,0.0,0.0016,0.0009,0.7766,0.0024999999999999467
284,bored,0.2615,0.1641,0.4141,0.1603,0.9976,0.0,0.0015,0.0009,0.7384999999999999,0.0023999999999999577
285,bored,0.2387,0.1915,0.4313,0.1385,0.998,0.0,0.0012,0.0008,0.7613,0.0020000000000000018
286,bored,0.2438,0.1902,0.4265,0.1395,0.9977,0.0,0.0014,0.0008,0.7562,0.0022999999999999687
287,bored,0.2226,0.076,0.4187,0.2826,0.9974,0.0,0.0017,0.0009,0.7774,0.0026000000000000467
288,bored,0.3724,0.088,0.3005,0.2392,0.9978,0.0,0.0013,0.0008,0.6275999999999999,0.0021999999999999797
289,bored,0.3263,0.0606,0.3055,0.3077,0.9977,0.0,0.0014,0.0008,0.6737,0.0022999999999999687
290,bored,0.2984,0.0522,0.3119,0.3374,0.9977,0.0,0.0014,0.0008,0.7016,0.0022999999999999687
291,bored,0.4039,0.0712,0.2644,0.2605,0.9977,0.0,0.0013,0.0009,0.5961000000000001,0.0022999999999999687
292,bored,0.3485,0.0646,0.2949,0.292,0.9977,0.0,0.0014,0.0009,0.6515,0.0022999999999999687
293,bored,0.4411,0.0777,0.245,0.2362,0.9977,0.0,0.0014,0.0008,0.5589,0.0022999999999999687
294,bored,0.417,0.0517,0.2309,0.3004,0.9975,0.0,0.0015,0.0009,0.583,0.0024999999999999467
295,bored,0.3746,0.0636,0.275,0.2868,0.9976,0.0,0.0014,0.0009,0.6254,0.0023999999999999577
296,bored,0.344,0.0516,0.2771,0.3273,0.9977,0.0,0.0014,0.0009,0.656,0.0022999999999999687
297,bored,0.3515,0.0465,0.2619,0.3402,0.9978,0.0,0.0013,0.0009,0.6485000000000001,0.0021999999999999797
298,bored,0.3649,0.0534,0.2664,0.3152,0.9978,0.0,0.0013,0.0009,0.6351,0.0021999999999999797
299,bored,0.2673,0.0415,0.3106,0.3807,0.998,0.0,0.0012,0.0008,0.7327,0.0020000000000000018
300,bored,0.3276,0.0445,0.2736,0.3543,0.9982,0.0,0.001,0.0008,0.6724,0.0018000000000000238
301,bored,0.2952,0.0555,0.3204,0.3289,0.9986,0.0,0.0007,0.0006,0.7048,0.0013999999999999568
302,bored,0.352,0.0525,0.2733,0.3222,0.9985,0.0,0.0008,0.0007,0.648,0.0014999999999999458
303,bored,0.4029,0.0488,0.2344,0.3139,0.9975,0.0,0.0016,0.0008,0.5971,0.0024999999999999467
304,bored,0.5401,0.0515,0.1655,0.243,0.9986,0.0,0.0008,0.0006,0.4599,0.0013999999999999568
305,bored,0.5049,0.0529,0.1842,0.258,0.9985,0.0,0.0008,0.0006,0.4951,0.0014999999999999458
306,bored,0.4794,0.0358,0.1693,0.3155,0.9967,0.0,0.0025,0.0008,0.5206,0.0032999999999999696
307,bored,0.3539,0.0379,0.2398,0.3684,0.997,0.0,0.0022,0.0008,0.6461,0.0030000000000000027
308,bored,0.3549,0.0384,0.2405,0.3662,0.997,0.0,0.0022,0.0008,0.6451,0.0030000000000000027
309,bored,0.3064,0.0624,0.3235,0.3078,0.997,0.0,0.0022,0.0008,0.6936,0.0030000000000000027
310,bored,0.4094,0.0683,0.2572,0.2651,0.9978,0.0,0.0013,0.0009,0.5906,0.0021999999999999797
311,bored,0.5377,0.0505,0.1656,0.2462,0.9977,0.0,0.0014,0.0009,0.46230000000000004,0.0022999999999999687
312,bored,0.5379,0.0638,0.1783,0.2199,0.9971,0.0,0.002,0.0009,0.46209999999999996,0.0029000000000000137
313,bored,0.5016,0.0777,0.2084,0.2123,0.997,0.0,0.0021,0.0009,0.49839999999999995,0.0030000000000000027
314,bored,0.5617,0.0687,0.1696,0.2,0.9974,0.0,0.0017,0.0009,0.4383,0.0026000000000000467
315,bored,0.553,0.0694,0.1744,0.2032,0.9975,0.0,0.0016,0.0009,0.44699999999999995,0.0024999999999999467
316,bored,0.688,0.0483,0.0987,0.165,0.9968,0.0,0.0022,0.001,0.31200000000000006,0.0031999999999999806
317,bored,0.6304,0.0637,0.1328,0.173,0.9971,0.0,0.002,0.0009,0.36960000000000004,0.0029000000000000137
318,bored,0.9646,0.0263,0.0038,0.0052,0.9928,0.0,0.0069,0.0003,0.03539999999999999,0.007199999999999984
319,bored,0.9576,0.026,0.0065,0.0099,0.999,0.0,0.0006,0.0004,0.04239999999999999,0.0010000000000000009
320,bored,0.973,0.019,0.003,0.0051,0.9983,0.0,0.0011,0.0007,0.027000000000000024,0.0017000000000000348
321,bored,0.9545,0.0352,0.0049,0.0054,0.9941,0.0,0.0056,0.0002,0.045499999999999985,0.005900000000000016
322,bored,0.9666,0.0253,0.0034,0.0047,0.997,0.0,0.0025,0.0005,0.033399999999999985,0.0030000000000000027
323,bored,0.9674,0.0258,0.0029,0.0039,0.9954,0.0,0.0042,0.0004,0.03259999999999996,0.0046000000000000485
324,bored,0.9609,0.0337,0.0026,0.0027,0.9955,0.0,0.0043,0.0002,0.039100000000000024,0.0044999999999999485
325,bored,0.9656,0.0287,0.0026,0.0031,0.9897,0.0,0.01,0.0003,0.034399999999999986,0.010299999999999976
326,bored,0.9634,0.0303,0.0029,0.0034,0.9953,0.0,0.0044,0.0002,0.036599999999999966,0.0047000000000000375
327,bored,0.9746,0.0202,0.002,0.0031,0.9952,0.0,0.0045,0.0002,0.025399999999999978,0.0048000000000000265
328,bored,0.9583,0.0352,0.0032,0.0033,0.9946,0.0,0.0052,0.0002,0.04169999999999996,0.00539999999999996
329,bored,0.9404,0.0476,0.0063,0.0057,0.9881,0.0,0.0116,0.0003,0.059599999999999986,0.011900000000000022
330,bored,0.9703,0.0251,0.002,0.0026,0.982,0.0,0.0175,0.0005,0.02969999999999995,0.018000000000000016
331,bored,0.9468,0.0436,0.005,0.0047,0.9831,0.0,0.0164,0.0005,0.053200000000000025,0.016900000000000026
332,bored,0.9201,0.0636,0.0093,0.007,0.9928,0.0,0.0069,0.0003,0.07989999999999997,0.007199999999999984
333,bored,0.956,0.0358,0.004,0.0042,0.9925,0.0,0.0072,0.0003,0.04400000000000004,0.007499999999999951
334,bored,0.9738,0.0224,0.0016,0.0022,0.992,0.0,0.0076,0.0004,0.0262,0.008000000000000007
335,bored,0.9811,0.0164,0.001,0.0016,0.9922,0.0,0.0074,0.0004,0.018900000000000028,0.007800000000000029
336,bored,0.968,0.0249,0.003,0.0041,0.9897,0.0,0.0099,0.0004,0.03200000000000003,0.010299999999999976
337,bored,0.9841,0.0129,0.001,0.002,0.9926,0.0,0.0071,0.0003,0.015900000000000025,0.007399999999999962
338,bored,0.9708,0.021,0.0032,0.005,0.991,0.0,0.0087,0.0003,0.029200000000000004,0.009000000000000008
339,bored,0.9737,0.0202,0.0024,0.0037,0.9775,0.0,0.022,0.0005,0.02629999999999999,0.022499999999999964
340,bored,0.9779,0.0179,0.0016,0.0026,0.977,0.0,0.0226,0.0004,0.02210000000000001,0.02300000000000002
341,bored,0.9362,0.0495,0.0075,0.0067,0.9911,0.0,0.0084,0.0005,0.06379999999999997,0.008900000000000019
342,bored,0.9564,0.0342,0.0044,0.005,0.9913,0.0,0.0085,0.0003,0.04359999999999997,0.008700000000000041
343,bored,0.9552,0.0349,0.0047,0.0052,0.9947,0.0,0.0048,0.0006,0.04479999999999995,0.005299999999999971
344,bored,0.9709,0.0228,0.0026,0.0037,0.9983,0.0,0.0009,0.0008,0.029100000000000015,0.0017000000000000348
345,bored,0.9384,0.0527,0.0049,0.0039,0.9975,0.0,0.0016,0.0009,0.06159999999999999,0.0024999999999999467
346,bored,0.9611,0.0286,0.0045,0.0059,0.9891,0.0,0.0106,0.0003,0.038900000000000046,0.01090000000000002
347,bored,0.9581,0.0331,0.0041,0.0047,0.998,0.0,0.0011,0.0009,0.04190000000000005,0.0020000000000000018
348,bored,0.9772,0.018,0.0018,0.003,0.9982,0.0003,0.0001,0.0015,0.022800000000000042,0.0018000000000000238
349,bored,0.9633,0.0284,0.0037,0.0046,0.996,0.0016,0.0,0.0024,0.036699999999999955,0.0040000000000000036
350,bored,0.9098,0.0577,0.0171,0.0154,0.9983,0.0003,0.0,0.0014,0.09019999999999995,0.0017000000000000348
351,bored,0.938,0.0398,0.0104,0.0118,0.9975,0.0007,0.0,0.0017,0.062000000000000055,0.0024999999999999467
352,bored,0.9153,0.0571,0.0146,0.013,0.9972,0.0009,0.0,0.0019,0.0847,0.0028000000000000247
353,bored,0.9312,0.0475,0.0107,0.0106,0.9962,0.0015,0.0,0.0023,0.06879999999999997,0.0038000000000000256
354,bored,0.9706,0.0181,0.0039,0.0073,0.9954,0.0018,0.0,0.0028,0.02939999999999998,0.0046000000000000485
355,bored,0.956,0.0223,0.0079,0.0139,0.9962,0.0016,0.0,0.0022,0.04400000000000004,0.0038000000000000256
356,bored,0.9674,0.0239,0.0035,0.0051,0.9938,0.0027,0.0,0.0034,0.03259999999999996,0.006199999999999983
357,bored,0.9008,0.0624,0.0197,0.017,0.9948,0.0021,0.0,0.003,0.09919999999999995,0.005199999999999982
358,bored,0.8592,0.0773,0.0357,0.0279,0.9918,0.0039,0.0,0.0043,0.14080000000000004,0.008199999999999985
359,bored,0.8554,0.0761,0.038,0.0305,0.9943,0.0026,0.0,0.003,0.14459999999999995,0.005700000000000038
360,bored,0.8883,0.0647,0.0252,0.0218,0.9959,0.0016,0.0,0.0025,0.11170000000000002,0.0040999999999999925
361,bored,0.7635,0.1549,0.0564,0.0252,0.9967,0.0012,0.0,0.0021,0.23650000000000004,0.0032999999999999696
362,bored,0.7492,0.1496,0.0689,0.0324,0.9972,0.0009,0.0,0.0018,0.2508,0.0028000000000000247
363,bored,0.7499,0.1533,0.0664,0.0304,0.9976,0.0007,0.0,0.0017,0.2501,0.0023999999999999577
364,bored,0.7053,0.1517,0.0969,0.0462,0.9983,0.0003,0.0001,0.0013,0.29469999999999996,0.0017000000000000348
365,bored,0.7881,0.1151,0.0609,0.0359,0.9983,0.0003,0.0,0.0013,0.21189999999999998,0.0017000000000000348
366,bored,0.8029,0.1167,0.0512,0.0292,0.9982,0.0004,0.0,0.0013,0.19710000000000005,0.0018000000000000238
367,bored,0.8671,0.0833,0.0289,0.0206,0.9991,0.0001,0.0001,0.0008,0.13290000000000002,0.0009000000000000119
368,bored,0.5308,0.2466,0.1718,0.0508,0.9987,0.0002,0.0,0.0011,0.46919999999999995,0.0012999999999999678
369,bored,0.6177,0.2065,0.1295,0.0463,0.9987,0.0002,0.0,0.001,0.3823,0.0012999999999999678
370,bored,0.5869,0.2266,0.1406,0.0458,0.9987,0.0002,0.0,0.0011,0.4131,0.0012999999999999678
371,bored,0.3391,0.3994,0.2259,0.0356,0.999,0.0001,0.0,0.0009,0.6609,0.0010000000000000009
372,bored,0.4781,0.1747,0.2495,0.0978,0.9928,0.0,0.007,0.0002,0.5219,0.007199999999999984
373,bored,0.248,0.4286,0.2868,0.0365,0.9914,0.0,0.0084,0.0002,0.752,0.008600000000000052
374,bored,0.4834,0.1882,0.2399,0.0885,0.9881,0.0,0.0117,0.0002,0.5166,0.011900000000000022
375,bored,0.7606,0.1045,0.0815,0.0534,0.9874,0.0,0.0124,0.0002,0.23939999999999995,0.012599999999999945
376,bored,0.9109,0.0414,0.0214,0.0263,0.9947,0.0,0.0051,0.0001,0.08909999999999996,0.005299999999999971
377,bored,0.7827,0.0922,0.0725,0.0526,0.9947,0.0,0.0052,0.0001,0.21730000000000005,0.005299999999999971
378,bored,0.7955,0.0933,0.065,0.0463,0.9949,0.0,0.0049,0.0001,0.20450000000000002,0.005099999999999993
379,bored,0.625,0.1242,0.16,0.0908,0.9942,0.0,0.0056,0.0001,0.375,0.005800000000000027
380,bored,0.6048,0.1419,0.1685,0.0848,0.9932,0.0,0.0066,0.0002,0.3952,0.006800000000000028
381,bored,0.5722,0.1517,0.1879,0.0883,0.9943,0.0,0.0056,0.0002,0.42779999999999996,0.005700000000000038
382,bored,0.8027,0.0876,0.0627,0.047,0.9939,0.0,0.006,0.0002,0.19730000000000003,0.006099999999999994
383,bored,0.7185,0.1157,0.1031,0.0627,0.9868,0.0,0.013,0.0002,0.2815,0.01319999999999999
384,bored,0.475,0.1668,0.2545,0.1037,0.9985,0.0,0.0011,0.0004,0.525,0.0014999999999999458
385,bored,0.6939,0.1101,0.1198,0.0762,0.9931,0.0,0.0067,0.0001,0.30610000000000004,0.006900000000000017
386,bored,0.6953,0.1185,0.1166,0.0696,0.9927,0.0,0.0072,0.0001,0.30469999999999997,0.007299999999999973
387,bored,0.5722,0.1503,0.1884,0.0891,0.9915,0.0,0.0083,0.0002,0.42779999999999996,0.008499999999999952
388,bored,0.2111,0.2327,0.4612,0.0951,0.9885,0.0,0.0113,0.0002,0.7888999999999999,0.011499999999999955
389,bored,0.3724,0.1965,0.3267,0.1044,0.9945,0.0,0.0054,0.0002,0.6275999999999999,0.005499999999999949
390,bored,0.6101,0.172,0.1529,0.065,0.9922,0.0,0.0076,0.0001,0.3899,0.007800000000000029
391,bored,0.6063,0.1922,0.1456,0.0558,0.9917,0.0,0.0081,0.0001,0.39370000000000005,0.008299999999999974
392,bored,0.3527,0.2114,0.3372,0.0987,0.991,0.0,0.0089,0.0001,0.6473,0.009000000000000008
393,bored,0.4723,0.1805,0.2515,0.0956,0.999,0.0,0.0007,0.0003,0.5277000000000001,0.0010000000000000009
394,bored,0.8455,0.0897,0.0382,0.0266,0.9987,0.0,0.0009,0.0003,0.15449999999999997,0.0012999999999999678
395,bored,0.4247,0.2387,0.262,0.0746,0.9922,0.0,0.0076,0.0001,0.5752999999999999,0.007800000000000029
396,bored,0.6206,0.1873,0.1378,0.0543,0.9975,0.0,0.0022,0.0003,0.37939999999999996,0.0024999999999999467
397,bored,0.5657,0.2433,0.1465,0.0445,0.991,0.0,0.0089,0.0001,0.4343,0.009000000000000008
398,bored,0.5408,0.2262,0.1761,0.0569,0.9909,0.0,0.0089,0.0002,0.45920000000000005,0.009099999999999997
399,bored,0.606,0.169,0.1571,0.0679,0.9903,0.0,0.0095,0.0001,0.394,0.009700000000000042
400,bored,0.7627,0.0976,0.0823,0.0574,0.9914,0.0,0.0085,0.0001,0.23729999999999996,0.008600000000000052
401,bored,0.6418,0.2531,0.0817,0.0234,0.9884,0.0,0.0115,0.0002,0.35819999999999996,0.011600000000000055
402,bored,0.6075,0.2101,0.1348,0.0475,0.9868,0.0,0.013,0.0002,0.39249999999999996,0.01319999999999999
403,bored,0.6119,0.1826,0.1464,0.059,0.9872,0.0,0.0127,0.0002,0.3881,0.012800000000000034
404,bored,0.4177,0.2305,0.2723,0.0795,0.987,0.0,0.0128,0.0002,0.5823,0.013000000000000012
405,bored,0.676,0.1441,0.1197,0.0602,0.9915,0.0,0.0084,0.0002,0.32399999999999995,0.008499999999999952
406,bored,0.834,0.0832,0.047,0.0358,0.9916,0.0,0.0082,0.0002,0.16600000000000004,0.008399999999999963
407,bored,0.2876,0.4265,0.2513,0.0345,0.9891,0.0,0.0108,0.0002,0.7123999999999999,0.01090000000000002
408,bored,0.5721,0.2461,0.1398,0.042,0.9935,0.0,0.0062,0.0002,0.42789999999999995,0.00649999999999995
409,bored,0.8845,0.0722,0.0242,0.0191,0.993,0.0,0.0069,0.0001,0.11550000000000005,0.007000000000000006
410,bored,0.5376,0.2105,0.1872,0.0646,0.9921,0.0,0.0078,0.0002,0.46240000000000003,0.007900000000000018
411,bored,0.719,0.1486,0.0893,0.0431,0.9906,0.0,0.0092,0.0002,0.281,0.009399999999999964
412,bored,0.697,0.1684,0.0941,0.0406,0.9871,0.0,0.0127,0.0002,0.30300000000000005,0.012900000000000023
413,bored,0.5696,0.2179,0.1588,0.0537,0.9922,0.0,0.0076,0.0002,0.4304,0.007800000000000029
414,bored,0.7074,0.1106,0.1115,0.0705,0.992,0.0,0.0079,0.0001,0.29259999999999997,0.008000000000000007
415,bored,0.7556,0.1024,0.0851,0.0569,0.9928,0.0,0.007,0.0001,0.24439999999999995,0.007199999999999984
416,bored,0.7011,0.1426,0.1038,0.0525,0.9894,0.0,0.0105,0.0002,0.29890000000000005,0.010600000000000054
417,bored,0.754,0.1129,0.0825,0.0506,0.9873,0.0,0.0126,0.0002,0.246,0.012700000000000045
418,bored,0.6789,0.1209,0.1262,0.074,0.993,0.0,0.0069,0.0001,0.32110000000000005,0.007000000000000006
419,bored,0.8915,0.0628,0.0243,0.0215,0.9912,0.0,0.0087,0.0002,0.10850000000000004,0.00880000000000003
420,bored,0.8815,0.0683,0.0273,0.0229,0.9925,0.0,0.0074,0.0001,0.11850000000000005,0.007499999999999951
421,bored,0.8866,0.066,0.0256,0.0218,0.9918,0.0,0.0081,0.0001,0.11339999999999995,0.008199999999999985
422,bored,0.8599,0.0778,0.0351,0.0272,0.9912,0.0,0.0087,0.0001,0.1401,0.00880000000000003
423,bored,0.5932,0.2288,0.1345,0.0435,0.9872,0.0,0.0126,0.0002,0.40680000000000005,0.012800000000000034
424,bored,0.6826,0.1906,0.0917,0.0352,0.987,0.0,0.0129,0.0002,0.3174,0.013000000000000012
425,bored,0.6204,0.1529,0.1539,0.0729,0.9883,0.0,0.0116,0.0002,0.37960000000000005,0.011700000000000044
426,bored,0.878,0.073,0.0274,0.0217,0.9863,0.0,0.0136,0.0002,0.122,0.013700000000000045
427,bored,0.8896,0.0693,0.0227,0.0183,0.9879,0.0,0.012,0.0002,0.11040000000000005,0.0121
428,bored,0.4405,0.3399,0.1823,0.0373,0.991,0.0,0.0089,0.0001,0.5595,0.009000000000000008
429,bored,0.8717,0.0905,0.023,0.0147,0.9853,0.0,0.0145,0.0001,0.12829999999999997,0.014700000000000046
430,bored,0.8385,0.1049,0.0354,0.0212,0.9897,0.0,0.0101,0.0001,0.16149999999999998,0.010299999999999976
431,bored,0.8332,0.1097,0.0362,0.0209,0.9792,0.0,0.0206,0.0002,0.16679999999999995,0.02080000000000004
432,bored,0.8469,0.1034,0.0311,0.0186,0.9769,0.0,0.0228,0.0002,0.1531,0.02310000000000001
433,bored,0.802,0.1572,0.029,0.0117,0.9766,0.0,0.0232,0.0002,0.19799999999999995,0.023399999999999976
434,bored,0.4959,0.3387,0.1367,0.0287,0.9777,0.0,0.0221,0.0002,0.5041,0.022299999999999986
435,bored,0.6821,0.2309,0.0664,0.0206,0.9971,0.0,0.0025,0.0004,0.31789999999999996,0.0029000000000000137
436,bored,0.6654,0.2423,0.0711,0.0211,0.998,0.0,0.0015,0.0004,0.3346,0.0020000000000000018
437,bored,0.3504,0.4879,0.1436,0.0181,0.9907,0.0,0.0091,0.0003,0.6496,0.009299999999999975
438,bored,0.7961,0.1626,0.0297,0.0117,0.9911,0.0,0.0086,0.0003,0.20389999999999997,0.008900000000000019
439,on_the_phone,0.031,0.1051,0.7656,0.0983,0.986,0.0,0.0132,0.0008,0.23440000000000005,0.9868
440,on_the_phone,0.0334,0.1085,0.7592,0.0989,0.9882,0.0,0.0113,0.0005,0.24080000000000001,0.9887
441,on_the_phone,0.0375,0.0992,0.7499,0.1134,0.9867,0.0,0.0125,0.0008,0.2501,0.9875
442,on_the_phone,0.0392,0.0958,0.7459,0.1191,0.986,0.0,0.0133,0.0008,0.2541,0.9867
443,on_the_phone,0.0358,0.0875,0.7536,0.1231,0.9874,0.0,0.0118,0.0008,0.24639999999999995,0.9882
444,on_the_phone,0.038,0.0916,0.7491,0.1213,0.9872,0.0,0.0121,0.0008,0.2509,0.9879
445,on_the_phone,0.0399,0.0885,0.7439,0.1277,0.9871,0.0,0.0121,0.0008,0.2561,0.9879
446,on_the_phone,0.0431,0.0872,0.7358,0.1339,0.9893,0.0,0.0099,0.0008,0.2642,0.9901
447,on_the_phone,0.0366,0.0771,0.7495,0.1368,0.9897,0.0,0.0095,0.0008,0.25049999999999994,0.9905
448,on_the_phone,0.0394,0.0781,0.7423,0.1402,0.9887,0.0,0.0105,0.0008,0.25770000000000004,0.9895
449,on_the_phone,0.0389,0.0772,0.7429,0.141,0.9889,0.0,0.0103,0.0008,0.2571,0.9897
450,on_the_phone,0.0361,0.0794,0.7521,0.1325,0.9893,0.0,0.0099,0.0008,0.2479,0.9901
451,on_the_phone,0.0353,0.0783,0.7531,0.1333,0.9894,0.0,0.0098,0.0008,0.2469,0.9902
452,on_the_phone,0.0289,0.0748,0.771,0.1253,0.9892,0.0,0.01,0.0008,0.22899999999999998,0.99
453,on_the_phone,0.0316,0.075,0.7631,0.1303,0.9893,0.0,0.0099,0.0008,0.2369,0.9901
454,on_the_phone,0.0325,0.0769,0.7609,0.1297,0.9892,0.0,0.01,0.0008,0.23909999999999998,0.99
455,on_the_phone,0.0303,0.0806,0.7687,0.1204,0.9891,0.0,0.0102,0.0008,0.23129999999999995,0.9898
456,on_the_phone,0.035,0.0824,0.7552,0.1273,0.989,0.0,0.0102,0.0008,0.24480000000000002,0.9898
457,on_the_phone,0.0275,0.0771,0.7766,0.1187,0.9888,0.0,0.0104,0.0008,0.22340000000000004,0.9896
458,on_the_phone,0.0317,0.0794,0.7644,0.1245,0.988,0.0,0.0113,0.0007,0.23560000000000003,0.9887
459,on_the_phone,0.0335,0.077,0.7584,0.1311,0.9885,0.0,0.0107,0.0008,0.24160000000000004,0.9893
460,on_the_phone,0.027,0.0688,0.7757,0.1285,0.9892,0.0,0.0101,0.0008,0.22430000000000005,0.9899
461,on_the_phone,0.0223,0.0614,0.789,0.1273,0.9893,0.0,0.01,0.0008,0.21099999999999997,0.99
462,on_the_phone,0.0202,0.055,0.7929,0.1319,0.9903,0.0,0.0088,0.0009,0.20709999999999995,0.9912
463,on_the_phone,0.0158,0.0464,0.8061,0.1317,0.9929,0.0,0.0064,0.0007,0.19389999999999996,0.9936
464,on_the_phone,0.013,0.0376,0.8102,0.1392,0.9901,0.0,0.009,0.0009,0.18979999999999997,0.991
465,on_the_phone,0.0121,0.0351,0.8114,0.1413,0.9931,0.0,0.0062,0.0007,0.1886,0.9938
466,on_the_phone,0.011,0.0342,0.8174,0.1374,0.9917,0.0,0.0072,0.001,0.18259999999999998,0.9928
467,on_the_phone,0.0089,0.0321,0.8306,0.1284,0.9923,0.0,0.0066,0.001,0.1694,0.9934
468,on_the_phone,0.0109,0.0316,0.8131,0.1443,0.9924,0.0,0.0066,0.001,0.18689999999999996,0.9934
469,on_the_phone,0.0095,0.0302,0.8216,0.1387,0.9923,0.0,0.0067,0.001,0.1784,0.9933
470,on_the_phone,0.0093,0.0298,0.8222,0.1387,0.993,0.0,0.006,0.001,0.17779999999999996,0.994
471,on_the_phone,0.0087,0.0292,0.8267,0.1354,0.9922,0.0,0.0067,0.0011,0.1733,0.9933
472,on_the_phone,0.0093,0.0314,0.8263,0.133,0.9929,0.0,0.0061,0.0009,0.17369999999999997,0.9939
473,on_the_phone,0.0069,0.0278,0.8419,0.1235,0.9935,0.0,0.0056,0.0008,0.15810000000000002,0.9944
474,on_the_phone,0.0088,0.0302,0.828,0.1329,0.9937,0.0,0.0054,0.0009,0.17200000000000004,0.9946
475,on_the_phone,0.0082,0.0309,0.8349,0.1259,0.9924,0.0,0.0065,0.001,0.16510000000000002,0.9935
476,on_the_phone,0.009,0.0329,0.8323,0.1259,0.9935,0.0,0.0057,0.0008,0.16769999999999996,0.9943
477,on_the_phone,0.0082,0.0287,0.8306,0.1325,0.9934,0.0,0.0058,0.0008,0.1694,0.9942
478,on_the_phone,0.0087,0.0325,0.8343,0.1245,0.9935,0.0,0.0057,0.0008,0.16569999999999996,0.9943
479,on_the_phone,0.0073,0.0257,0.8326,0.1344,0.9924,0.0,0.0065,0.0011,0.1674,0.9935
480,on_the_phone,0.0092,0.0311,0.8264,0.1333,0.9932,0.0,0.0059,0.0008,0.17359999999999998,0.9941
481,on_the_phone,0.0093,0.031,0.8258,0.1339,0.9934,0.0,0.0057,0.0008,0.17420000000000002,0.9943
482,on_the_phone,0.0101,0.034,0.8252,0.1308,0.9934,0.0,0.0058,0.0008,0.17479999999999996,0.9942
483,on_the_phone,0.01,0.0336,0.8243,0.1322,0.9935,0.0,0.0056,0.0008,0.17569999999999997,0.9944
484,on_the_phone,0.0105,0.0354,0.8244,0.1297,0.9931,0.0,0.006,0.0008,0.17559999999999998,0.994
485,on_the_phone,0.0111,0.0376,0.8232,0.1281,0.992,0.0,0.0072,0.0008,0.17679999999999996,0.9928
486,on_the_phone,0.0122,0.0389,0.8171,0.1318,0.9916,0.0,0.0075,0.0008,0.18289999999999995,0.9925
487,on_the_phone,0.0123,0.0392,0.8172,0.1314,0.9908,0.0,0.0083,0.0009,0.18279999999999996,0.9917
488,on_the_phone,0.0125,0.0375,0.8131,0.1369,0.9914,0.0,0.0077,0.0009,0.18689999999999996,0.9923
489,on_the_phone,0.0114,0.039,0.8228,0.1268,0.9917,0.0,0.0074,0.0009,0.17720000000000002,0.9926
490,on_the_phone,0.0134,0.0397,0.8116,0.1354,0.9917,0.0,0.0075,0.0008,0.1884,0.9925
491,on_the_phone,0.0136,0.0434,0.8155,0.1276,0.9915,0.0,0.0076,0.0009,0.1845,0.9924
492,on_the_phone,0.012,0.0393,0.82,0.1287,0.9915,0.0,0.0076,0.0008,0.18000000000000005,0.9924
493,on_the_phone,0.0113,0.0388,0.824,0.1259,0.991,0.0,0.0081,0.0009,0.17600000000000005,0.9919
494,on_the_phone,0.0113,0.04,0.8252,0.1236,0.9913,0.0,0.0079,0.0008,0.17479999999999996,0.9921
495,on_the_phone,0.0131,0.0399,0.8141,0.133,0.9908,0.0,0.0083,0.0009,0.18589999999999995,0.9917
496,on_the_phone,0.011,0.036,0.8219,0.1311,0.9897,0.0,0.0094,0.0009,0.17810000000000004,0.9906
497,on_the_phone,0.0109,0.0376,0.8253,0.1262,0.9906,0.0,0.0085,0.0009,0.17469999999999997,0.9915
498,on_the_phone,0.0116,0.0369,0.8186,0.1329,0.9908,0.0,0.0083,0.0009,0.1814,0.9917
499,on_the_phone,0.0107,0.0362,0.8245,0.1286,0.9911,0.0,0.008,0.0008,0.1755,0.992
500,on_the_phone,0.0108,0.035,0.8216,0.1325,0.9904,0.0,0.0087,0.0009,0.1784,0.9913
