,proposed,baseline
77,0.48640000000000005,0.05049999999999999
78,0.5375,0.03249999999999997
79,0.5359,0.03390000000000004
80,0.5149,0.04059999999999997
81,0.5408,0.05410000000000004
82,0.5361,0.057599999999999985
83,0.5226,0.06279999999999997
84,0.5288999999999999,0.061899999999999955
85,0.5452,0.061000000000000054
86,0.5191,0.062100000000000044
87,0.5510999999999999,0.06040000000000001
88,0.5112,0.07840000000000003
89,0.5048,0.08220000000000005
90,0.48160000000000003,0.07950000000000002
91,0.5133,0.08589999999999998
92,0.49850000000000005,0.0816
93,0.49039999999999995,0.08420000000000005
94,0.4737,0.09330000000000005
95,0.4569,0.08050000000000002
96,0.4729,0.08909999999999996
97,0.48109999999999997,0.08109999999999995
98,0.4847,0.06020000000000003
99,0.49439999999999995,0.08289999999999997
100,0.47709999999999997,0.07430000000000003
101,0.488,0.05710000000000004
102,0.4808,0.060899999999999954
103,0.4776,0.05600000000000005
104,0.5062,0.05779999999999996
105,0.5231,0.04479999999999995
106,0.5311,0.030200000000000005
107,0.5003,0.036599999999999966
108,0.48650000000000004,0.036599999999999966
109,0.5667,0.02749999999999997
110,0.5038,0.054400000000000004
111,0.4438,0.11029999999999995
112,0.39970000000000006,0.0676
113,0.25429999999999997,0.17090000000000005
114,0.19399999999999995,0.18469999999999998
115,0.15090000000000003,0.16700000000000004
116,0.1522,0.14939999999999998
117,0.18169999999999997,0.15649999999999997
118,0.19369999999999998,0.15439999999999998
119,0.1845,0.14490000000000003
120,0.1854,0.13770000000000004
121,0.17789999999999995,0.12849999999999995
122,0.16879999999999995,0.137
123,0.16349999999999998,0.12649999999999995
124,0.16620000000000001,0.11939999999999995
125,0.17769999999999997,0.12860000000000005
126,0.17469999999999997,0.12870000000000004
127,0.17200000000000004,0.15580000000000005
128,0.15569999999999995,0.13680000000000003
129,0.15880000000000005,0.1392
130,0.16059999999999997,0.16890000000000005
131,0.1593,0.16149999999999998
132,0.16490000000000005,0.15539999999999998
133,0.1592,0.15969999999999995
134,0.16990000000000005,0.18410000000000004
135,0.1784,0.18720000000000003
136,0.1602,0.19520000000000004
137,0.16800000000000004,0.17490000000000006
138,0.15810000000000002,0.15690000000000004
139,0.15169999999999995,0.23970000000000002
140,0.1543,0.2066
141,0.15449999999999997,0.14700000000000002
142,0.15880000000000005,0.20140000000000002
143,0.15959999999999996,0.18500000000000005
144,0.1632,0.1735
145,0.15649999999999997,0.19710000000000005
146,0.1521,0.14870000000000005
147,0.1501,0.18899999999999995
148,0.15000000000000002,0.21240000000000003
149,0.1612,0.15949999999999998
150,0.16959999999999997,0.18179999999999996
151,0.15239999999999998,0.19799999999999995
152,0.15700000000000003,0.17889999999999995
153,0.1614,0.17120000000000002
154,0.16090000000000004,0.1725
155,0.15690000000000004,0.24509999999999998
156,0.15300000000000002,0.18520000000000003
157,0.15359999999999996,0.17290000000000005
158,0.16410000000000002,0.18889999999999996
159,0.17369999999999997,0.1795
160,0.16249999999999998,0.21699999999999997
161,0.14890000000000003,0.17830000000000001
162,0.17059999999999997,0.15200000000000002
163,0.17090000000000005,0.14900000000000002
164,0.17279999999999995,0.16510000000000002
165,0.16300000000000003,0.21909999999999996
166,0.1644,0.20109999999999995
167,0.15369999999999995,0.12270000000000003
168,0.16410000000000002,0.11460000000000004
169,0.17769999999999997,0.0786
170,0.2137,0.07330000000000003
171,0.21189999999999998,0.06889999999999996
172,0.21540000000000004,0.04610000000000003
173,0.22709999999999997,0.052200000000000024
174,0.265,0.046499999999999986
175,0.25549999999999995,0.031399999999999983
176,0.2602,0.027100000000000013
177,0.27580000000000005,0.027000000000000024
178,0.2399,0.03049999999999997
179,0.2662,0.02529999999999999
180,0.21489999999999998,0.031100000000000017
181,0.22550000000000003,0.026900000000000035
182,0.21399999999999997,0.028699999999999948
183,0.23809999999999998,0.02400000000000002
184,0.22430000000000005,0.023299999999999987
185,0.22860000000000003,0.02180000000000004
186,0.2118,0.021700000000000053
187,0.22240000000000004,0.024499999999999966
188,0.22599999999999998,0.04810000000000003
189,0.2267,0.04490000000000005
190,0.22819999999999996,0.029100000000000015
191,0.23470000000000002,0.03590000000000004
192,0.21650000000000003,0.04079999999999995
193,0.22130000000000005,0.03510000000000002
194,0.21540000000000004,0.053100000000000036
195,0.2066,0.040100000000000025
196,0.20189999999999997,0.03649999999999998
197,0.2148,0.04679999999999995
711,0.37639999999999996,1.0
712,0.07020000000000004,0.9998
713,0.39980000000000004,1.0
714,0.12429999999999997,0.9848
715,0.36029999999999995,1.0
716,0.07550000000000001,0.5177
717,0.3478,1.0
718,0.15059999999999996,0.2659
719,0.3669,0.9998
720,0.07150000000000001,1.0
721,0.362,1.0
722,0.16679999999999995,0.8924
723,0.368,1.0
724,0.07379999999999998,0.9998
725,0.34030000000000005,1.0
726,0.06540000000000001,0.6101
727,0.37749999999999995,0.354
728,0.07189999999999996,1.0
729,0.35619999999999996,1.0
730,0.15349999999999997,0.25049999999999994
731,0.37949999999999995,1.0
732,0.09140000000000004,0.9998
733,0.3608,0.9998
734,0.09150000000000003,1.0
735,0.38980000000000004,1.0
736,0.09599999999999997,0.5402
737,0.3711,0.45640000000000003
738,0.1471,1.0
739,0.3861,1.0
740,0.11029999999999995,0.6299
741,0.36560000000000004,1.0
742,0.15359999999999996,0.6061000000000001
743,0.36950000000000005,1.0
744,0.10729999999999995,0.22629999999999995
745,0.3891,1.0
746,0.09689999999999999,0.9998
747,0.3891,0.45930000000000004
748,0.11280000000000001,1.0
749,0.3619,1.0
750,0.1501,0.31789999999999996
751,0.376,1.0
752,0.12280000000000002,0.38249999999999995
753,0.37560000000000004,1.0
754,0.07940000000000003,0.6779
755,0.36970000000000003,1.0
756,0.07640000000000002,0.49460000000000004
757,0.36240000000000006,1.0
758,0.12970000000000004,0.34719999999999995
759,0.3778,0.9998
760,0.061799999999999966,1.0
761,0.3508,1.0
762,0.08989999999999998,0.22650000000000003
763,0.3738,1.0
764,0.09089999999999998,0.9998
765,0.36460000000000004,1.0
766,0.0867,0.28600000000000003
767,0.39470000000000005,1.0
768,0.1422,0.92
769,0.36950000000000005,1.0
770,0.11770000000000003,0.9766
771,0.383,1.0
772,0.07850000000000001,0.9854
773,0.35650000000000004,1.0
774,0.0736,0.6246
775,0.38270000000000004,0.9985
776,0.05920000000000003,0.7312000000000001
777,0.4041,1.0
778,0.057699999999999974,0.8351999999999999
779,0.379,0.9259
780,0.05359999999999998,1.0
781,0.053200000000000025,1.0
782,0.3679,0.8921
783,0.35350000000000004,1.0
784,0.03839999999999999,0.8164
785,0.04359999999999997,1.0
786,0.362,0.8915
787,0.35740000000000005,1.0
788,0.0353,0.9426
789,0.3701,0.857
790,0.040000000000000036,1.0
791,0.35960000000000003,1.0
792,0.04239999999999999,0.9352
793,0.3722,1.0
794,0.0524,0.9702
795,0.34550000000000003,1.0
796,0.0605,0.9648
797,0.3559,1.0
798,0.04910000000000003,0.9942
799,0.3831,1.0
800,0.0494,0.9952
801,0.37539999999999996,1.0
802,0.05500000000000005,0.9921
803,0.3739,1.0
804,0.07210000000000005,0.992
805,0.36450000000000005,1.0
806,0.07220000000000004,0.9944
807,0.3589,0.9879
808,0.07279999999999998,1.0
809,0.3657,0.9896
810,0.050899999999999945,1.0
811,0.06779999999999997,0.9963
812,0.368,1.0
813,0.38260000000000005,0.9837
814,0.04459999999999997,1.0
815,0.3627,0.9805
816,0.06320000000000003,1.0
817,0.3669,0.986
818,0.04949999999999999,1.0
819,0.3851,0.9935
820,0.06969999999999998,1.0
821,0.3691,0.9941
822,0.06940000000000002,1.0
823,0.36860000000000004,0.7827
824,0.054400000000000004,1.0
825,0.35829999999999995,0.9134
826,0.03749999999999998,1.0
827,0.3768,1.0
828,0.07410000000000005,0.9359
829,0.36150000000000004,0.8962
830,0.040100000000000025,1.0
831,0.36719999999999997,0.8992
832,0.05120000000000002,1.0
833,0.06130000000000002,1.0
834,0.3658,0.9203
835,0.36319999999999997,1.0
836,0.055400000000000005,0.8099000000000001
837,0.37539999999999996,0.6625
838,0.0645,1.0
839,0.07979999999999998,1.0
840,0.3909,0.44999999999999996
841,0.06230000000000002,1.0
842,0.3823,0.5161
843,0.060899999999999954,0.5637
844,0.3611,1.0
845,0.06120000000000003,0.5785
846,0.36739999999999995,1.0
847,0.3709,0.5091
848,0.06030000000000002,1.0
849,0.3771,0.6093
850,0.06010000000000004,1.0
851,0.37560000000000004,0.4767
852,0.05920000000000003,1.0
853,0.357,1.0
854,0.05720000000000003,0.2946
855,0.3853,1.0
856,0.05610000000000004,0.9998
857,0.3728,1.0
858,0.045599999999999974,0.16500000000000004
859,0.37670000000000003,0.13560000000000005
860,0.059699999999999975,1.0
861,0.3762,1.0
862,0.060899999999999954,0.15949999999999998
863,0.3902,1.0
864,0.04410000000000003,0.5208999999999999
865,0.3578,1.0
866,0.0464,0.5855
867,0.383,0.9999
868,0.048900000000000055,1.0
869,0.37849999999999995,1.0
870,0.050899999999999945,0.6556
871,0.3669,1.0
872,0.06430000000000002,0.6396
873,0.38060000000000005,0.7248
874,0.06979999999999997,1.0
875,0.3578,1.0
876,0.06799999999999995,0.41259999999999997
877,0.3871,0.9999
878,0.06679999999999997,1.0
879,0.3741,1.0
880,0.06489999999999996,0.9999
881,0.36150000000000004,1.0
882,0.07410000000000005,0.9999
883,0.3669,1.0
884,0.0695,0.9999
885,0.09599999999999997,1.0
886,0.3708,0.9999
887,0.06430000000000002,0.9999
888,0.37450000000000006,1.0
889,0.399,1.0
890,0.06830000000000003,0.9999
891,0.3748,1.0
892,0.06899999999999995,0.9999
893,0.3752,1.0
894,0.09660000000000002,0.9999
895,0.391,1.0
896,0.06730000000000003,0.9999
897,0.06389999999999996,1.0
898,0.3752,0.9999
899,0.38780000000000003,1.0
900,0.06989999999999996,0.9999
901,0.07430000000000003,0.20340000000000003
902,0.36460000000000004,1.0
903,0.379,0.25349999999999995
904,0.06030000000000002,1.0
905,0.3687,0.9999
906,0.0776,1.0
907,0.38649999999999995,1.0
908,0.07369999999999999,0.9999
909,0.38370000000000004,1.0
910,0.12090000000000001,0.9999
911,0.3591,1.0
912,0.07889999999999997,0.9999
913,0.388,1.0
914,0.08979999999999999,0.9999
915,0.3841,1.0
916,0.06110000000000004,0.9999
917,0.39790000000000003,1.0
918,0.07240000000000002,0.9999
919,0.38439999999999996,0.6602
920,0.08860000000000001,1.0
921,0.36129999999999995,1.0
922,0.10109999999999997,0.6266
1323,0.09350000000000003,1.0
1324,0.9204,0.9999
1325,0.18710000000000004,0.44220000000000004
1326,0.9283,1.0
1327,0.09499999999999997,0.7057
1328,0.9838,0.9999
1329,0.1451,1.0
1330,0.9152,0.6115999999999999
1331,0.08089999999999997,0.7118
1332,0.9848,0.9999
1333,0.18020000000000003,0.9696
1334,0.9314,0.971
1335,0.20709999999999995,0.7035
1336,0.9764,0.9999
1337,0.1977,1.0
1338,0.9262,0.9933
1339,0.43710000000000004,0.6982999999999999
1340,0.9443,0.9999
1341,0.1864,0.9272
1342,0.9081,0.9909
1343,0.07640000000000002,0.708
1344,0.9745,0.9999
1345,0.20140000000000002,0.9966
1346,0.9563,0.7044
1347,0.11309999999999998,0.7076
1348,0.9615,0.9999
1349,0.16649999999999998,1.0
1350,0.9677,0.9753000000000001
1351,0.12560000000000004,0.7222999999999999
1352,0.9676,0.9999
1353,0.18769999999999998,1.0
1354,0.9663,0.6684
1355,0.2126,0.7076
1356,0.9737,0.9999
1357,0.1582,1.0
1358,0.9695,0.7076
1359,0.09419999999999995,0.9999
1360,0.9849,1.0
1361,0.22499999999999998,0.9935
1362,0.9255,0.7132000000000001
1363,0.10880000000000001,0.9999
1364,0.9653,0.9399
1365,0.9132,0.7141
1366,0.18669999999999998,0.9999
1367,0.07840000000000003,0.9646
1368,0.9669,0.6626000000000001
1369,0.9551,0.7132000000000001
1370,0.19620000000000004,0.9999
1371,0.06879999999999997,0.9738
1372,0.9388,0.6608
1373,0.1804,0.7096
1374,0.9258,0.9999
1375,0.08489999999999998,0.9757
1376,0.963,0.9726
1377,0.18379999999999996,0.7150000000000001
1378,0.9326,0.9999
1379,0.22340000000000004,0.9615
1380,0.9410000000000001,0.9936
1381,0.19099999999999995,0.7079
1382,0.9735,0.9999
1383,0.21419999999999995,0.965
1384,0.9323,0.9642
1385,0.21189999999999998,0.9999
1386,0.9647,0.4476
1387,0.7924,0.9989
1388,0.9629,0.9654
1389,0.15800000000000003,0.4445
1390,0.9047000000000001,0.9999
1391,0.9554,1.0
1392,0.9508,0.9901
1393,0.1623,0.7102999999999999
1394,0.9294,0.9999
1395,0.18910000000000005,0.9996
1396,0.9632000000000001,0.9921
1397,0.17969999999999997,0.9999
1398,0.9049,0.44520000000000004
1399,0.255,0.9717
1400,0.9544,0.9915
1401,0.19820000000000004,0.9999
1402,0.9566,0.45030000000000003
1403,0.5234,1.0
1404,0.9718,0.683
1405,0.16879999999999995,0.9999
1406,0.9245,0.7054
1407,0.13470000000000004,1.0
1408,0.9586,0.6561
1409,0.9178999999999999,0.9999
1410,0.20240000000000002,0.4606
1411,0.1622,1.0
1412,0.9647,0.9833
1413,0.17500000000000004,0.9999
1414,0.9281,0.44710000000000005
1415,0.08320000000000005,1.0
1416,0.9674,0.9909
1417,0.2087,0.4597
1418,0.9624,0.9999
1419,0.24080000000000001,1.0
1420,0.9063,0.7045
1421,0.1815,0.4579
1422,0.9563,0.9999
1423,0.18520000000000003,1.0
1424,0.9413,0.9915
1425,0.25639999999999996,0.45489999999999997
1426,0.9449,0.9999
1427,0.24039999999999995,0.9223
1428,0.963,0.44120000000000004
1429,0.23670000000000002,0.9999
1430,0.9725,1.0
1431,0.13190000000000002,0.6756
1432,0.988,0.9999
1433,0.25349999999999995,1.0
1434,0.9298,0.9916
1435,0.7977,0.43920000000000003
1436,0.8472999999999999,0.9999
1437,0.19430000000000003,0.9964
1438,0.8864,0.9727
1439,0.08589999999999998,0.43720000000000003
1440,0.8628,0.9999
1441,0.9538,0.9982
1442,0.15159999999999996,0.6877
1443,0.37660000000000005,0.44110000000000005
1444,0.9746,0.9999
1445,0.1856,0.9999
1446,0.9638,0.7187
1447,0.6139,0.44110000000000005
1448,0.8984,0.9999
1449,0.15190000000000003,0.9993
1450,0.9583,0.6814
1451,0.18989999999999996,0.43820000000000003
1452,0.9272,0.9999
1453,0.16620000000000001,0.9716
1454,0.9414,0.7036
1455,0.22640000000000005,0.4474
1456,0.8875,0.9999
1457,0.9556,1.0
1458,0.1633,0.45209999999999995
1459,0.6813,0.9999
1460,0.13170000000000004,1.0
1461,0.9256,0.43189999999999995
1462,0.15859999999999996,0.9999
1463,0.7491,0.9884
1464,0.14739999999999998,0.44899999999999995
1465,0.14749999999999996,0.9999
1466,0.9271,1.0
1467,0.7515000000000001,0.4487
1468,0.09489999999999998,0.9999
1469,0.92,0.9965
1470,0.15810000000000002,0.9916
1471,0.7625,0.4435
1472,0.07210000000000005,0.9999
1473,0.16400000000000003,0.9977
1474,0.9156,0.9712
1475,0.7155,0.43379999999999996
1476,0.07310000000000005,0.9999
1477,0.1673,0.9763
1478,0.9032,0.9734
1479,0.7836,0.4303
1480,0.07779999999999998,0.9999
1481,0.16890000000000005,0.9691
1482,0.9075,0.9631
1483,0.7825,0.43220000000000003
1484,0.07509999999999994,0.9999
1485,0.20009999999999994,1.0
1486,0.9027000000000001,0.4336
1487,0.6756,0.9999
1488,0.09550000000000003,1.0
1489,0.2279,0.4312
1490,0.8948,0.9999
1491,0.6005,1.0
1492,0.12629999999999997,0.43510000000000004
1493,0.24880000000000002,0.9999
1494,0.893,1.0
1495,0.484,0.9626
1496,0.08440000000000003,0.43589999999999995
1497,0.24650000000000005,0.9999
1498,0.9121,0.9976
1499,0.6127,0.9665
1500,0.12060000000000004,0.4306
1501,0.19520000000000004,0.9999
1502,0.9312,1.0
1503,0.5104,0.4343
1504,0.07230000000000003,0.9999
1505,0.19820000000000004,0.9085
1506,0.9319,0.9999
1507,0.48450000000000004,0.4343
1508,0.3157,1.0
1509,0.1795,0.9999
1510,0.9165,0.4334
1511,0.40690000000000004,1.0
1512,0.27990000000000004,0.9999
1513,0.19940000000000002,0.4295
1514,0.927,0.9962
1515,0.41879999999999995,0.9718
1516,0.1099,0.4305
1517,0.17710000000000004,0.9999
1518,0.9132,0.9822
1519,0.42879999999999996,0.974
1520,0.0897,0.42789999999999995
1521,0.15859999999999996,0.9999
1522,0.9158,0.9234
1523,0.43679999999999997,0.44010000000000005
1524,0.17059999999999997,0.9999
1525,0.243,0.9084
1526,0.9243,0.44110000000000005
1527,0.40769999999999995,0.9999
1528,0.1503,0.9313
1529,0.15059999999999996,0.9999
1530,0.9289000000000001,0.4325
1531,0.40569999999999995,1.0
1532,0.14159999999999995,0.9999
1533,0.24629999999999996,0.43700000000000006
1534,0.9482,0.9999
1535,0.37270000000000003,0.9999
1536,0.26770000000000005,0.4276
1537,0.9326,0.9996
1538,0.26139999999999997,0.9999
1539,0.4535,0.4357
1540,0.17700000000000005,1.0
1541,0.15339999999999998,0.6567000000000001
1542,0.91,0.9999
1543,0.6819999999999999,0.43279999999999996
1544,0.11240000000000006,0.942
1545,0.22629999999999995,0.9901
1546,0.9212,0.9999
1547,0.6525000000000001,0.43510000000000004
1548,0.10440000000000005,0.9416
1549,0.18279999999999996,0.9999
1550,0.8959,0.4283
1551,0.645,0.9399
1552,0.10260000000000002,0.9899
1553,0.17779999999999996,0.4295
1554,0.8961,0.9999
1555,0.6696,1.0
1556,0.12749999999999995,0.43789999999999996
1557,0.16979999999999995,0.9999
1558,0.9268,0.944
1559,0.09640000000000004,0.9901
1560,0.5858,0.9999
1561,0.2298,0.4345
1562,0.9064,0.9275
1563,0.08609999999999995,0.9999
1564,0.4264,0.43220000000000003
1565,0.19199999999999995,0.9228
1566,0.9299999999999999,0.43700000000000006
1567,0.10799999999999998,0.9999
1568,0.45520000000000005,1.0
1569,0.17520000000000002,0.4315
1570,0.9288,1.0
1571,0.09389999999999998,0.9454
1572,0.33309999999999995,0.9923
1573,0.22740000000000005,0.4313
1574,0.9048,0.9999
1575,0.08050000000000002,0.9035
1576,0.34730000000000005,0.9907
1577,0.2681,0.9999
1578,0.9077999999999999,0.4354
1579,0.09119999999999995,1.0
1580,0.3808,0.6782
1581,0.2471,0.6707000000000001
1582,0.8986,0.9999
1583,0.0686,0.9353
1584,0.3284,0.9942
2868,0.4122,1.0
2870,0.42369999999999997,0.9999
2872,0.4759,0.9999
2874,0.44730000000000003,0.9999
2876,0.4578,0.9999
2878,0.3749,0.9999
2880,0.4125,0.9999
2882,0.34319999999999995,1.0
2884,0.41859999999999997,0.9999
2886,0.40469999999999995,0.9999
2888,0.42789999999999995,0.9999
2890,0.4224,0.9999
2892,0.3879,0.9999
2894,0.3981,0.9999
2896,0.5113,0.9999
2898,0.4135,1.0
2900,0.39980000000000004,0.9999
2902,0.39859999999999995,0.9999
2904,0.40359999999999996,0.9999
2906,0.40059999999999996,1.0
2908,0.3823,0.9999
2910,0.34230000000000005,1.0
2912,0.3799,1.0
2914,0.4586,1.0
2916,0.4085,0.9999
2918,0.3722,1.0
2920,0.40380000000000005,1.0
2922,0.3879,1.0
2924,0.40590000000000004,1.0
2926,0.3933,1.0
2928,0.11399999999999999,0.9489
2930,0.1028,1.0
2932,0.11470000000000002,1.0
2934,0.10719999999999996,0.9412
2936,0.1089,1.0
2938,0.10340000000000005,1.0
2940,0.10160000000000002,0.9548
2942,0.11580000000000001,0.9333
2944,0.10260000000000002,0.9999
2946,0.10829999999999995,0.9259
2948,0.12460000000000004,0.962
2950,0.11870000000000003,0.9687
2952,0.11370000000000002,0.8694
2954,0.12719999999999998,0.8958
2956,0.12009999999999998,1.0
2958,0.14459999999999995,0.8505
2960,0.14149999999999996,0.8902
2962,0.15239999999999998,1.0
2964,0.11670000000000003,1.0
2966,0.1432,0.9712
2968,0.10760000000000003,0.9642
2970,0.12419999999999998,1.0
2972,0.11909999999999998,0.9576
2974,0.12829999999999997,1.0
2976,0.09930000000000005,0.9843
2978,0.12639999999999996,1.0
2980,0.12419999999999998,1.0
2982,0.12180000000000002,1.0
2984,0.11629999999999996,1.0
2986,0.13129999999999997,0.9516
2988,0.10750000000000004,0.9553
2989,0.35840000000000005,1.0
2991,0.4413,1.0
2993,0.41590000000000005,1.0
2995,0.42200000000000004,1.0
2997,0.484,1.0
2999,0.3032,1.0
3001,0.3549,1.0
3003,0.38480000000000003,1.0
3005,0.42469999999999997,1.0
3007,0.44089999999999996,1.0
3009,0.40369999999999995,1.0
3011,0.4525,1.0
3013,0.3247,1.0
3015,0.4506,1.0
3017,0.3339,1.0
3019,0.3379,1.0
3021,0.3879,1.0
3023,0.34230000000000005,1.0
3025,0.35440000000000005,1.0
3027,0.36639999999999995,1.0
3029,0.40759999999999996,1.0
3031,0.41559999999999997,1.0
3033,0.382,1.0
3035,0.2863,1.0
3037,0.40369999999999995,1.0
3039,0.36629999999999996,1.0
3041,0.3982,1.0
3043,0.36560000000000004,1.0
3045,0.3537,1.0
3047,0.401,1.0
1585,,0.6634
0,0.026900000000000035,0.7553
1,0.024599999999999955,0.7162999999999999
2,0.03310000000000002,0.7827999999999999
3,0.02839999999999998,0.7256
4,0.027599999999999958,0.7493000000000001
5,0.03720000000000001,0.7888
6,0.027900000000000036,0.8072
7,0.027699999999999947,0.8084
8,0.02839999999999998,0.7634
9,0.0252,0.8309
10,0.029100000000000015,0.8839
11,0.033499999999999974,0.8865
12,0.0363,0.8852
13,0.03490000000000004,0.8868
14,0.039100000000000024,0.8648
15,0.04349999999999998,0.8230999999999999
16,0.04700000000000004,0.8697
17,0.05559999999999998,0.9275
18,0.05720000000000003,0.9072
19,0.06510000000000005,0.9162
20,0.0665,0.8234
21,0.06020000000000003,0.942
22,0.06420000000000003,0.8909
23,0.06710000000000005,0.935
24,0.07220000000000004,0.9566
25,0.07850000000000001,0.9404
26,0.08630000000000004,0.8881
27,0.09019999999999995,0.8612
28,0.0847,0.6345000000000001
29,0.08879999999999999,0.6065
30,0.08789999999999998,0.16500000000000004
31,0.09030000000000005,0.21709999999999996
32,0.09360000000000002,0.37139999999999995
33,0.09630000000000005,0.5525
34,0.08840000000000003,0.3801
35,0.08779999999999999,0.3146
36,0.08360000000000001,0.46630000000000005
37,0.08620000000000005,0.4091
38,0.08589999999999998,0.5012
39,0.0917,0.394
40,0.0947,0.7314
41,0.09930000000000005,0.3992
42,0.09189999999999998,0.4143
43,0.0948,0.5869
44,0.0998,0.7938000000000001
45,0.00880000000000003,0.4135
46,0.005600000000000049,0.361
47,0.005099999999999993,0.11060000000000003
48,0.0039000000000000146,0.0484
49,0.0039000000000000146,0.06310000000000004
50,0.0037000000000000366,0.38160000000000005
51,0.0047000000000000375,0.46220000000000006
52,0.0042999999999999705,0.5640000000000001
53,0.0039000000000000146,0.28290000000000004
54,0.0034999999999999476,0.061799999999999966
55,0.0036000000000000476,0.1411
56,0.0030999999999999917,0.10009999999999997
57,0.0032999999999999696,0.02859999999999996
58,0.0030999999999999917,0.03320000000000001
59,0.0039000000000000146,0.031200000000000006
60,0.0039000000000000146,0.049799999999999955
61,0.0038000000000000256,0.04510000000000003
62,0.0042999999999999705,0.033399999999999985
63,0.0044999999999999485,0.030299999999999994
64,0.0043999999999999595,0.05559999999999998
65,0.0046000000000000485,0.05249999999999999
66,0.0046000000000000485,0.036599999999999966
67,0.0048000000000000265,0.1531
68,0.005700000000000038,0.11980000000000002
69,0.006299999999999972,0.06220000000000003
70,0.005600000000000049,0.08589999999999998
71,0.006099999999999994,0.1794
72,0.007399999999999962,0.1642
73,0.008600000000000052,0.33699999999999997
74,0.011800000000000033,0.14349999999999996
75,0.017900000000000027,0.4749
76,0.026000000000000023,0.7337
501,0.0615,0.9344
502,0.04620000000000002,0.9913
503,0.06459999999999999,0.9482
504,0.04239999999999999,0.9925
505,0.06340000000000001,0.9499
506,0.05169999999999997,0.9911
507,0.0676,0.9564
508,0.049000000000000044,0.9926
509,0.06310000000000004,0.975
510,0.04749999999999999,0.9904
511,0.06469999999999998,0.9796
512,0.043200000000000016,0.9882
513,0.07140000000000002,0.9816
514,0.042100000000000026,0.9888
515,0.06720000000000004,0.9837
516,0.045499999999999985,0.9887
517,0.06469999999999998,0.982
518,0.04569999999999996,0.9932
519,0.07020000000000004,0.9853
520,0.0524,0.9925
521,0.06999999999999995,0.9858
522,0.05179999999999996,0.9933
523,0.06110000000000004,0.9844
524,0.0615,0.995
525,0.07069999999999999,0.9844
526,0.07040000000000002,0.9962
527,0.06999999999999995,0.9828
528,0.10209999999999997,0.9965
529,0.06540000000000001,0.9835
530,0.1562,0.9971
531,0.0726,0.9836
532,0.22130000000000005,0.9991
533,0.07609999999999995,0.9835
534,0.27790000000000004,0.9991
535,0.07099999999999995,0.9796
536,0.39590000000000003,0.9976
537,0.06669999999999998,0.9833
538,0.43689999999999996,0.9977
539,0.07320000000000004,0.9953
540,0.4879,0.9829
541,0.07379999999999998,0.9878
542,0.5137,0.982
543,0.5365,0.9699
544,0.07169999999999999,0.9823
545,0.515,0.9832
546,0.07430000000000003,0.9818
547,0.5522,0.9758
548,0.07499999999999996,0.9825
549,0.5516,0.9716
550,0.06969999999999998,0.9821
551,0.07399999999999995,0.9824
552,0.5532,0.9816
553,0.07189999999999996,0.9794
554,0.46730000000000005,0.9856
555,0.07010000000000005,0.9797
556,0.42689999999999995,0.9969
557,0.07010000000000005,0.9787
558,0.40269999999999995,0.9857
559,0.07399999999999995,0.9788
560,0.35629999999999995,0.9962
561,0.0766,0.9783
562,0.30779999999999996,0.9884
563,0.23670000000000002,0.9822
564,0.08409999999999995,0.994
565,0.2248,0.9961
566,0.08040000000000003,0.9818
567,0.21309999999999996,0.9863
568,0.08620000000000005,0.9957
569,0.1846,0.9962
570,0.09619999999999995,0.9861
571,0.1895,0.9944
572,0.09189999999999998,0.984
573,0.18710000000000004,0.9961
574,0.08509999999999995,0.9869
575,0.20230000000000004,0.9962
576,0.09650000000000003,0.9914
577,0.23409999999999997,0.9961
578,0.09689999999999999,0.9861
579,0.19430000000000003,0.995
580,0.08940000000000003,0.9871
581,0.16610000000000003,0.9956
582,0.08799999999999997,0.9874
583,0.20989999999999998,0.9917
584,0.09360000000000002,0.9865
585,0.21750000000000003,0.9949
586,0.09989999999999999,0.9868
587,0.17510000000000003,0.9954
588,0.08809999999999996,0.9845
589,0.18999999999999995,0.9933
590,0.08860000000000001,0.9875
591,0.19289999999999996,0.9939
592,0.09360000000000002,0.9901
593,0.22419999999999995,0.9938
594,0.08540000000000003,0.9893
595,0.1935,0.9947
596,0.08950000000000002,0.9929
597,0.1955,0.9962
598,0.09230000000000005,0.9906
599,0.24529999999999996,0.9956
600,0.07679999999999998,0.9864
601,0.08150000000000002,0.9947
602,0.22209999999999996,0.9909
603,0.07999999999999996,0.9887
604,0.20299999999999996,0.9964
605,0.08020000000000005,0.987
606,0.1926,0.9956
607,0.22609999999999997,0.9952
608,0.0807,0.9871
609,0.07889999999999997,0.9822
610,0.21289999999999998,0.9952
611,0.34750000000000003,0.9829
612,0.08079999999999998,0.9954
613,0.07099999999999995,0.9874
614,0.23209999999999997,0.9943
615,0.2573,0.9969
616,0.06289999999999996,0.9857
617,0.2651,0.9954
618,0.06879999999999997,0.9862
619,0.15180000000000005,0.991
620,0.0605,0.9864
621,0.05510000000000004,0.985
622,0.14629999999999999,0.9879
623,0.05930000000000002,0.9893
624,0.10899999999999999,0.9669
625,0.07920000000000005,0.9868
626,0.051899999999999946,0.9222
627,0.04910000000000003,0.99
628,0.061899999999999955,0.6369
629,0.03949999999999998,0.9863
630,0.029100000000000015,0.6868000000000001
631,0.03759999999999997,0.9857
632,0.025499999999999967,0.4214
633,0.020199999999999996,0.4424
634,0.03849999999999998,0.9874
635,0.025000000000000022,0.4071
636,0.02090000000000003,0.9898
637,0.013599999999999945,0.22040000000000004
638,0.020000000000000018,0.9888
639,0.018399999999999972,0.18069999999999997
640,0.008700000000000041,0.9728
641,0.009099999999999997,0.4246
642,0.012800000000000034,0.8681
643,0.0049000000000000155,0.4073
644,0.012199999999999989,0.9851
645,0.014399999999999968,0.20650000000000002
646,0.009399999999999964,0.9753000000000001
647,0.0131,0.17000000000000004
648,0.009800000000000031,0.4726
649,0.00990000000000002,0.3438
650,0.006800000000000028,0.42900000000000005
651,0.013700000000000045,0.43910000000000005
652,0.007199999999999984,0.5352
653,0.014499999999999957,0.36760000000000004
654,0.006900000000000017,0.4014
655,0.015800000000000036,0.4296
656,0.006399999999999961,0.23270000000000002
657,0.01529999999999998,0.4347
658,0.006000000000000005,0.2602
659,0.020199999999999996,0.5595
660,0.006700000000000039,0.34430000000000005
661,0.047699999999999965,0.6598999999999999
662,0.006399999999999961,0.28259999999999996
663,0.06279999999999997,0.6933
664,0.006700000000000039,0.47709999999999997
665,0.06659999999999999,0.8192
666,0.006299999999999972,0.4235
667,0.09040000000000004,0.96
668,0.005800000000000027,0.536
669,0.11439999999999995,0.9886
670,0.006299999999999972,0.49529999999999996
671,0.16279999999999994,0.994
672,0.005600000000000049,0.7583
673,0.138,0.9965
674,0.006700000000000039,0.8048
675,0.00649999999999995,0.995
676,0.18810000000000004,0.8873
677,0.20009999999999994,0.9949
678,0.00660000000000005,0.4568
679,0.16600000000000004,0.9936
680,0.005900000000000016,0.9253
681,0.16490000000000005,0.9955
682,0.006099999999999994,0.943
683,0.19489999999999996,0.996
684,0.006000000000000005,0.4788
685,0.20820000000000005,0.9948
686,0.00649999999999995,0.8928
687,0.18710000000000004,0.9964
688,0.006399999999999961,0.7465999999999999
689,0.2046,0.9956
690,0.006000000000000005,0.8996
691,0.17169999999999996,0.9947
692,0.006199999999999983,0.8938
693,0.2128,0.9954
694,0.005900000000000016,0.906
695,0.2136,0.9951
696,0.006099999999999994,0.45389999999999997
697,0.006099999999999994,0.9953
698,0.19510000000000005,0.7054
699,0.006000000000000005,0.9949
700,0.23709999999999998,0.5972999999999999
701,0.006099999999999994,0.9964
702,0.2137,0.4121
703,0.24260000000000004,0.9959
704,0.005900000000000016,0.4738
705,0.006099999999999994,0.9964
706,0.24260000000000004,0.4437
707,0.31510000000000005,0.9969
708,0.006299999999999972,0.39490000000000003
709,0.3163,0.9971
710,0.006800000000000028,0.3629
1585,0.498,
1586,0.0605,0.9528
1587,0.7592,0.8069
1588,0.40259999999999996,0.9105
1589,0.06610000000000005,0.9637
1590,0.9834,0.8499
1591,0.03159999999999996,0.8945
1592,0.48040000000000005,0.96
1593,0.9309000000000001,0.7067
1594,0.033299999999999996,0.6584
1595,0.5661,0.9501
1596,0.9547,0.8225
1597,0.042300000000000004,0.6572
1598,0.5157,0.9268
1599,0.8325,0.6960999999999999
1600,0.03520000000000001,0.6363
1601,0.6694,0.9293
1602,0.8773,0.6836
1603,0.031399999999999983,0.887
1604,0.5846,0.9177
1605,0.9224,0.6731
1606,0.9865,0.8788
1607,0.03990000000000005,0.0
1608,0.8275,0.5932999999999999
1609,0.6149,0.8872
1610,0.032299999999999995,0.9107
1611,0.9363,0.9122
1612,0.9992,0.3609
1613,0.031299999999999994,0.9327
1614,0.8224,0.08189999999999997
1615,0.06879999999999997,0.39549999999999996
1616,0.9996,0.9135
1617,0.03090000000000004,0.06940000000000002
1618,0.8416,9.999999999998899e-05
1619,0.0706,0.8933
1620,0.9997,0.04290000000000005
1621,0.06999999999999995,0.3466
1622,0.6953,0.9123
1623,0.0343,0.8382000000000001
1624,0.9971,0.3195
1625,0.03869999999999996,0.8582
1626,0.7188,0.9091
1627,0.5552,0.39239999999999997
1628,0.9987,0.9335
1629,0.036900000000000044,0.8043
1630,0.9567,0.3883
1631,0.9985,0.9001
1632,0.03369999999999995,0.09209999999999996
1633,0.895,0.9263
1634,0.05359999999999998,0.9348
1635,0.026800000000000046,0.08760000000000001
1636,0.9985,0.0
1637,0.8284,0.9325
1638,0.04390000000000005,0.07830000000000004
1639,0.047699999999999965,0.9466
1640,0.9767,0.9
1641,0.895,0.08960000000000001
1642,0.043300000000000005,0.9692
1643,0.04530000000000001,0.09060000000000001
1644,0.9994,0.31910000000000005
1645,0.8438,0.928
1646,0.03520000000000001,0.5143
1647,0.9656,0.39259999999999995
1648,0.8999,0.9285
1649,0.04079999999999995,0.6538999999999999
1650,0.03310000000000002,0.9211
1651,0.40569999999999995,0.931
1652,0.752,0.6204000000000001
1653,0.26380000000000003,0.39559999999999995
1654,0.03720000000000001,0.9099
1655,0.38139999999999996,0.8459
1656,0.9273,0.9175
1657,0.16159999999999997,0.9059
1658,0.05710000000000004,0.41259999999999997
1659,0.9895,0.9286
1660,0.9165,0.9413
1661,0.06369999999999998,0.9462
1662,0.9939,0.9469
1663,0.844,0.0
1664,0.14839999999999998,0.9251
1665,0.37970000000000004,0.9236
1666,0.05500000000000005,0.3084
1667,0.8605,0.9394
1668,0.05779999999999996,0.9567
1669,0.9931,0.3812
1670,0.04469999999999996,0.9435
1671,0.9953,0.893
1672,0.05149999999999999,0.24570000000000003
1673,0.9995,0.9022
1674,0.03859999999999997,0.9232
1675,0.9621999999999999,0.28700000000000003
1676,0.06359999999999999,0.9439
1677,0.0524,0.8275
1678,0.9979,0.3456
1679,0.971,0.9421
1680,0.05610000000000004,0.8962
1681,0.3506,0.28700000000000003
1682,0.0252,0.94
1683,0.7128,0.8962
1684,0.04359999999999997,0.2812
1685,0.00880000000000003,0.8895
1686,0.958,0.9357
1687,0.754,0.0
1688,0.04379999999999995,0.9262
1689,0.9752,0.9144
1690,0.743,0.2208
1691,0.03869999999999996,0.8936999999999999
1692,0.9538,0.9357
1693,0.9257,0.29910000000000003
1694,0.05410000000000004,0.9362
1695,0.4818,0.9252
1696,0.8473999999999999,0.9139
1697,0.04400000000000004,0.9196
1698,0.9986,0.913
1699,0.875,0.9299
1700,0.03469999999999995,0.27270000000000005
1701,0.9981,0.9436
1702,0.8813,0.9474
1703,0.4216,0.25949999999999995
1704,0.03720000000000001,0.9159
1705,0.6689,0.896
1706,0.039000000000000035,0.0
1707,0.42910000000000004,0.9135
1708,0.7784,0.9132
1709,0.04830000000000001,0.22940000000000005
1710,0.44730000000000003,0.8886000000000001
1711,0.7484,0.8734999999999999
1712,0.0383,0.26859999999999995
1713,0.049900000000000055,0.9278
1714,0.34740000000000004,0.9091
1715,0.8056,0.24119999999999997
1716,0.039100000000000024,0.9145
1717,0.39170000000000005,0.9116
1718,0.8122,0.25249999999999995
1719,0.04710000000000003,0.8694
1720,0.46609999999999996,0.9281
1721,0.7898000000000001,0.0
1722,0.03959999999999997,0.8672
1723,0.04690000000000005,0.916
1724,0.42889999999999995,0.29590000000000005
1725,0.6861999999999999,0.8867
1726,0.0393,0.919
1727,0.026499999999999968,0.2558
1728,0.42390000000000005,0.8906000000000001
1729,0.6691,0.9349
1730,0.0373,0.23939999999999995
1731,0.049799999999999955,0.8763
1732,0.45109999999999995,0.8335
1733,0.8127,0.25460000000000005
1734,0.043399999999999994,0.8899
1735,0.048799999999999955,0.9052
1736,0.4586,0.22909999999999997
1737,0.7582,0.9024
1738,0.12419999999999998,0.9231
1739,0.121,0.276
1740,0.3789,0.8749
1741,0.9834,0.9276
1742,0.0474,0.4104
1743,0.0474,0.9016
1744,0.39180000000000004,0.9005
1745,0.9828,0.3305
1746,0.04359999999999997,0.9075
1747,0.11240000000000006,0.8917
1748,0.36450000000000005,0.3318
1749,0.7479,0.8772
1750,0.04920000000000002,0.8874
1751,0.041000000000000036,0.3319
1752,0.39349999999999996,0.9034
1753,0.9878,0.8989
1754,0.40149999999999997,0.22209999999999996
1755,0.48819999999999997,0.9086
1756,0.3679,0.8932
1757,0.6725,0.2582
1758,0.5208999999999999,0.9257
1759,0.05349999999999999,0.8896
1760,0.5375,0.2118
1761,0.9753000000000001,0.9097999999999999
1762,0.047799999999999954,0.9289000000000001
1763,0.03620000000000001,0.33230000000000004
1764,0.49760000000000004,0.8908
1765,0.7015,0.9016
1766,0.04149999999999998,0.26170000000000004
1767,0.04079999999999995,0.8972
1768,0.4296,0.883
1769,0.6829000000000001,0.20489999999999997
1770,0.04090000000000005,0.9043
1771,0.05459999999999998,0.8641
1772,0.34030000000000005,0.0
1773,0.989,0.8923
1774,0.040000000000000036,0.8838
1775,0.048900000000000055,0.20499999999999996
1776,0.4498,0.877
1777,0.6343,0.7783
1778,0.04039999999999999,0.24739999999999995
1779,0.012800000000000034,0.9075
1780,0.46430000000000005,0.8923
1781,0.7361,0.26680000000000004
1782,0.03969999999999996,0.915
1783,0.011600000000000055,0.772
1784,0.4699,0.0
1785,0.7538,0.8936
1786,0.04159999999999997,0.8882
1787,0.055499999999999994,0.23360000000000003
1788,0.4438,0.913
1789,0.96,0.9298
1790,0.040000000000000036,0.38770000000000004
1791,0.016900000000000026,0.9407
1792,0.3146,0.9241
1793,0.7541,0.0
1794,0.04049999999999998,0.9463
1795,0.03359999999999996,0.885
1796,0.49829999999999997,0.0
1797,0.6978,0.9091
1798,0.04179999999999995,0.79
1799,0.01770000000000005,0.0
1800,0.2863,0.9362
1801,0.7923,0.8847
1802,0.04149999999999998,0.0
1803,0.05130000000000001,0.9343
1804,0.4175,0.8712
1805,0.765,0.013000000000000012
1806,0.037699999999999956,0.9031
1807,0.45599999999999996,0.8773
1808,0.7746,0.0
1809,0.03939999999999999,0.8883
1810,0.029000000000000026,0.8585
1811,0.29600000000000004,0.9734
1812,0.7733,0.8996999999999999
1813,0.04039999999999999,0.8819
1814,0.02629999999999999,0.25939999999999996
1815,0.4407,0.8971
1816,0.6969000000000001,0.8839
1817,0.010399999999999965,0.25539999999999996
1818,0.30779999999999996,0.8986
1819,0.7262,0.9155
1820,0.03380000000000005,0.0
1821,0.3185,0.8893
1822,0.7162999999999999,0.8985
1823,0.04079999999999995,0.2552
1824,0.42200000000000004,0.904
1825,0.9999,0.887
1826,0.06979999999999997,0.7172000000000001
1827,0.15390000000000004,0.7162999999999999
1828,0.9999,0.3035
1829,0.10409999999999997,0.7211000000000001
1830,0.15580000000000005,0.9467
1831,0.9999,0.5681
1832,0.06569999999999998,0.7101999999999999
1833,0.16069999999999995,0.9467
1834,0.9999,0.5011
1835,0.0675,0.675
1836,0.16620000000000001,0.9467
1837,0.9998,0.48919999999999997
1838,0.3519,0.7315
1839,0.8605,0.9467
1840,0.16969999999999996,0.5909
1841,0.9998,0.5941000000000001
1842,0.788,0.7119
1843,0.04490000000000005,0.5754
1844,0.17069999999999996,0.6525000000000001
1845,0.07399999999999995,0.9467
1846,0.9999,0.5396000000000001
1847,0.1382,0.5867
1848,0.9999,0.9467
1849,0.1582,0.5920000000000001
1850,0.1472,0.5427
1851,1.0,0.9467
1852,0.806,0.6036
1853,0.8582,0.6707000000000001
1854,0.1723,0.9467
1855,1.0,0.5883
1856,0.13280000000000003,0.6767000000000001
1857,0.13670000000000004,0.9467
1858,0.4194,0.5574
1859,0.10550000000000004,0.6589
1860,0.9999,0.5666
1861,0.08379999999999999,0.9467
1862,0.15890000000000004,0.5587
1863,1.0,0.5443
1864,0.08330000000000004,0.9467
1865,0.16400000000000003,0.6226
1866,0.9999,0.5437000000000001
1867,0.10570000000000002,0.9467
1868,0.13249999999999995,0.6112
1869,0.9999,0.5670999999999999
1870,0.10829999999999995,0.9467
1871,0.9966,0.5115000000000001
1872,0.8375,0.6972
1873,0.16679999999999995,0.9467
1874,0.15890000000000004,0.595
1875,0.9997,0.7050000000000001
1876,0.833,0.9467
1877,0.08599999999999997,0.5996
1878,0.9999,0.5799000000000001
1879,0.17310000000000003,0.9467
1880,0.1521,0.5835
1881,0.9998,0.5831999999999999
1882,0.07440000000000002,0.9467
1883,0.8932,0.38959999999999995
1884,0.1602,0.5624
1885,0.9971,0.9467
1886,0.05369999999999997,0.607
1887,0.1543,0.5737
1888,0.9999,0.9467
1889,0.0686,0.6711
1890,0.8526,0.5902000000000001
1891,0.15690000000000004,0.9467
1892,0.9999,0.5506
1893,0.09630000000000005,0.7025
1894,0.8416,0.5938
1895,0.16200000000000003,0.9467
1896,0.9999,0.5613
1897,0.08930000000000005,0.5941000000000001
1898,0.8905,0.9467
1899,0.17369999999999997,0.6232
1900,0.9999,0.5800000000000001
1901,0.13229999999999997,0.9467
1902,0.8823,0.6476
1903,0.16720000000000002,0.6113999999999999
1904,0.09040000000000004,0.9467
1905,0.9999,0.6671
1906,0.8724000000000001,0.6128
1907,0.16000000000000003,0.9467
1908,0.9978,0.6964
1909,0.06410000000000005,0.6957
1910,0.8587,0.7162999999999999
1911,0.17589999999999995,0.9467
1912,0.9992,0.6043000000000001
1913,0.06240000000000001,0.7304999999999999
1914,0.9998,0.9467
1915,0.04949999999999999,0.6819
1916,0.9241,0.6784
1917,0.14770000000000005,0.5892999999999999
1918,0.5670999999999999,0.9467
1919,0.08740000000000003,0.7013
1920,0.9869,0.6700999999999999
1921,0.24150000000000005,0.7195
1922,0.9995,0.9467
1923,0.9722,0.7054
1924,0.17049999999999998,0.6695
1925,0.9997,0.6202
1926,0.08399999999999996,0.9467
1927,0.9742,0.6585
1928,0.9998,0.6525000000000001
1929,0.18079999999999996,0.5724
1930,0.9997,0.9467
1931,0.09940000000000004,0.45509999999999995
1932,0.9774,0.5527
1933,0.1735,0.9467
1934,0.9999,0.4194
1935,0.1594,0.5739000000000001
1936,0.9999,0.9467
1937,0.09340000000000004,0.48
1938,0.14270000000000005,0.5470999999999999
1939,1.0,0.9467
1940,0.0595,0.4708
1941,0.15890000000000004,0.5638000000000001
1942,1.0,0.9467
1943,0.07499999999999996,0.4706
1944,0.17610000000000003,0.5582
1945,1.0,0.9467
1946,0.10170000000000001,0.5131
1947,0.17789999999999995,0.5696
1948,1.0,0.9467
1949,0.07599999999999996,0.49329999999999996
1950,0.15410000000000001,0.5888
1951,1.0,0.9467
1952,0.11129999999999995,0.5006999999999999
1953,0.15059999999999996,0.7148
1954,1.0,0.9467
1955,0.9698,0.4972
1956,0.09060000000000001,0.5997
1957,0.15400000000000003,0.9467
1958,1.0,0.7263999999999999
1959,0.08740000000000003,0.7142
1960,0.9691,0.9467
1961,0.1683,0.5347999999999999
1962,1.0,0.6301
1963,0.17830000000000001,0.7262
1964,0.14459999999999995,0.9467
1965,1.0,0.518
1966,0.7652,0.6163000000000001
1967,0.041100000000000025,0.7076
1968,0.1432,0.9467
1969,1.0,0.5218
1970,0.8069,0.7102999999999999
1971,0.06000000000000005,0.9467
1972,0.1392,0.5135000000000001
1973,1.0,0.7197
1974,0.12860000000000005,0.5087999999999999
1975,0.9541,0.9467
1976,0.14049999999999996,0.7483
1977,0.13139999999999996,0.9467
1978,1.0,0.6835
1979,0.9657,0.6945
1980,0.14600000000000002,0.9467
1981,1.0,0.655
1982,0.3698,0.7175
1983,0.15590000000000004,0.9467
1984,0.9999,0.6281
1985,0.10170000000000001,0.5617
1986,0.9346,0.6658
1987,0.16459999999999997,0.9467
1988,1.0,0.6223000000000001
1989,0.06799999999999995,0.9467
1990,0.16959999999999997,0.6702
1991,0.9999,0.723
1992,0.09550000000000003,0.6646000000000001
1993,0.8593999999999999,0.9467
1994,0.1753,0.6274
1995,0.9999,0.5582
1996,0.8096,0.9467
1997,0.13549999999999995,0.661
1998,0.15949999999999998,0.5872999999999999
1999,0.9999,0.6756
2000,0.0958,0.9467
2001,0.15639999999999998,0.5849
2002,1.0,0.7005
2003,0.06920000000000004,0.9467
2004,0.1612,0.5918
2005,0.9999,0.6860999999999999
2006,0.10819999999999996,0.9467
2007,0.9051,0.746
2008,0.15159999999999996,0.6876
2009,0.9998,0.9467
2010,0.8067,0.6364000000000001
2011,0.18069999999999997,0.6104
2012,0.15500000000000003,0.6686000000000001
2013,1.0,0.9467
2014,0.10560000000000003,0.5908
2015,0.9525,0.667
2016,0.15359999999999996,0.9467
2017,0.9999,0.7355
2018,0.07920000000000005,0.6697
2019,0.16259999999999997,0.9467
2020,0.9999,0.7355
2021,0.04349999999999998,0.6334
2022,0.17569999999999997,0.9467
2023,1.0,0.633
2024,0.16449999999999998,0.5574
2025,0.1753,0.6312
2026,0.9999,0.9467
2027,0.27669999999999995,0.65
2028,0.16290000000000004,0.54
2029,1.0,0.6252
2030,0.0857,0.9467
2031,0.16149999999999998,0.6367
2032,0.9999,0.5845
2033,0.06640000000000001,0.6059
2034,0.9592,0.9467
2035,0.19020000000000004,0.5387
2036,1.0,0.625
2037,0.09230000000000005,0.9467
2038,0.18710000000000004,0.5368999999999999
2039,1.0,0.6443
2040,0.22609999999999997,0.9467
2041,0.9578,0.6649
2042,0.16479999999999995,0.5409999999999999
2043,1.0,0.9467
2044,0.08079999999999998,0.6196999999999999
2045,0.15610000000000002,0.6097
2046,0.9999,0.9467
2047,0.07679999999999998,0.6099
2048,0.18020000000000003,0.5895
2049,1.0,0.9467
2050,0.08430000000000004,0.6103000000000001
2051,0.8601,0.5465
2052,0.18279999999999996,0.9467
2053,1.0,0.6258
2054,0.054300000000000015,0.6557
2055,0.17979999999999996,0.7009000000000001
2056,0.9999,0.9467
2057,0.06020000000000003,0.6031
2058,0.18579999999999997,0.6626000000000001
2059,0.9997,0.5546
2060,0.07369999999999999,0.9467
2061,0.17859999999999998,0.5971
2062,0.9999,0.5989
2063,0.14529999999999998,0.9467
2064,0.9987,0.43489999999999995
2065,0.17820000000000003,0.6795
2066,1.0,0.5741
2067,0.20799999999999996,0.9467
2068,0.16490000000000005,0.43899999999999995
2069,0.9999,0.6477999999999999
2070,0.07150000000000001,0.6043000000000001
2071,0.16290000000000004,0.9467
2072,1.0,0.4518
2621,0.03959999999999997,0.7629
2622,0.30920000000000003,0.9973
2623,0.22829999999999995,0.6869000000000001
2624,0.035499999999999976,0.9959
2625,0.2267,0.6987
2626,0.05479999999999996,0.9954
2627,0.03500000000000003,0.7169
2628,0.21350000000000002,0.9973
2629,0.025399999999999978,0.9949
2630,0.19979999999999998,0.7165
2631,0.030299999999999994,0.7222999999999999
2632,0.25270000000000004,0.9972
2633,0.028900000000000037,0.7825
2634,0.399,0.9971
2635,0.02949999999999997,0.8054
2636,0.37129999999999996,0.997
2637,0.273,0.8135
2638,0.03949999999999998,0.9974
2639,0.27849999999999997,0.8137
2640,0.04200000000000004,0.9968
2641,0.16449999999999998,0.8553
2642,0.03390000000000004,0.9977
2643,0.20550000000000002,0.8817
2644,0.04239999999999999,0.9979
2645,0.2713,0.8346
2646,0.03469999999999995,0.9985
2647,0.30189999999999995,0.9126
2648,0.05810000000000004,0.9982
2649,0.08579999999999999,0.9212
2650,0.24139999999999995,0.9984
2651,0.3198,0.9287
2652,0.0917,0.9974
2653,0.2368,0.9131
2654,0.10370000000000001,0.005700000000000038
2655,0.22509999999999997,0.975
2656,0.11919999999999997,0.9983
2657,0.27880000000000005,0.9703
2658,0.11850000000000005,0.9985
2659,0.252,0.966
2660,0.15759999999999996,0.9982
2661,0.28759999999999997,0.9176
2662,0.133,0.9985
2663,0.28700000000000003,0.9176
2664,0.12770000000000004,0.9968
2665,0.24939999999999996,0.8597
2666,0.15759999999999996,0.9968
2667,0.32210000000000005,0.8585
2668,0.12560000000000004,0.9978
2669,0.21350000000000002,0.9609
2670,0.23460000000000003,0.9964
2671,0.17210000000000003,0.011700000000000044
2672,0.15200000000000002,0.9937
2673,0.12739999999999996,0.8456
2674,0.14270000000000005,0.9942
2675,0.1048,0.006000000000000005
2676,0.19230000000000003,0.9878
2677,0.10750000000000004,0.8586
2678,0.14300000000000002,0.9847
2679,0.08250000000000002,0.8471
2680,0.13090000000000002,0.9854
2681,0.10909999999999997,0.5246
2682,0.05520000000000003,0.25060000000000004
2683,0.11140000000000005,0.5169
2684,0.05359999999999998,0.29579999999999995
2685,0.131,0.512
2686,0.058599999999999985,0.18630000000000002
2687,0.09079999999999999,0.5139
2688,0.057699999999999974,0.30469999999999997
2689,0.10229999999999995,0.5146
2690,0.05520000000000003,0.2349
2691,0.08899999999999997,0.5149
2692,0.061799999999999966,0.32430000000000003
2693,0.08330000000000004,0.40569999999999995
2694,0.05120000000000002,0.5233
2695,0.09119999999999995,0.5203
2696,0.0706,0.34919999999999995
2697,0.10199999999999998,0.6544
2698,0.06869999999999998,0.53
2699,0.12380000000000002,0.46220000000000006
2700,0.08409999999999995,0.5348999999999999
2701,0.1441,0.4327
2702,0.08240000000000003,0.532
2703,0.11670000000000003,0.6633
2704,0.08140000000000003,0.5334
2705,0.11850000000000005,0.03739999999999999
2706,0.08360000000000001,0.524
2707,0.12339999999999995,0.617
2708,0.06579999999999997,0.5277000000000001
2709,0.14359999999999995,0.04710000000000003
2710,0.0726,0.5233
2711,0.12839999999999996,0.7422
2712,0.06620000000000004,0.5246999999999999
2713,0.15449999999999997,0.5166999999999999
2714,0.0685,0.5194
2715,0.17569999999999997,0.3547
2716,0.06969999999999998,0.5173
2717,0.17169999999999996,0.6700999999999999
2718,0.06310000000000004,0.5182
2719,0.14480000000000004,0.15239999999999998
2720,0.05810000000000004,0.5134000000000001
2721,0.13239999999999996,0.07440000000000002
2722,0.05469999999999997,0.5164
2723,0.11570000000000003,0.04690000000000005
2724,0.0605,0.5196000000000001
2725,0.16790000000000005,0.14900000000000002
2726,0.06120000000000003,0.5218
2727,0.13080000000000003,0.07399999999999995
2728,0.06830000000000003,0.5154000000000001
2729,0.1169,0.11419999999999997
2730,0.06310000000000004,0.5146999999999999
2731,0.11919999999999997,0.029200000000000004
2732,0.05930000000000002,0.515
2733,0.12209999999999999,0.0353
2734,0.05620000000000003,0.5114000000000001
2735,0.12270000000000003,0.040100000000000025
2736,0.0615,0.5163
2737,0.09389999999999998,0.021499999999999964
2738,0.06510000000000005,0.5146
2739,0.08199999999999996,0.030100000000000016
2740,0.06699999999999995,0.5153
2742,0.046499999999999986,0.9849
2744,0.04459999999999997,0.9813
2746,0.04279999999999995,0.9863
2748,0.047799999999999954,0.9881
2750,0.04730000000000001,0.986
2752,0.05010000000000003,0.9876
2754,0.05300000000000005,0.9871
2756,0.05559999999999998,0.988
2758,0.057699999999999974,0.9886
2760,0.052200000000000024,0.9887
2762,0.044399999999999995,0.9885
2764,0.05669999999999997,0.9928
2766,0.05840000000000001,0.9917
2768,0.052200000000000024,0.9922
2770,0.053300000000000014,0.9956
2772,0.06510000000000005,0.9971
2774,0.07699999999999996,0.9975
2776,0.08679999999999999,0.9974
2778,0.08899999999999997,0.9983
2780,0.09870000000000001,0.9985
2782,0.10160000000000002,0.9983
2784,0.09360000000000002,0.9984
2786,0.1159,0.9984
2788,0.1179,0.9984
2790,0.10209999999999997,0.9985
2792,0.10829999999999995,0.9968
2794,0.11609999999999998,0.9982
2796,0.12160000000000004,0.992
2798,0.11970000000000003,0.9941
2800,0.11350000000000005,0.9947
2802,0.12239999999999995,0.9957
2804,0.10319999999999996,0.9945
2805,0.996,0.9973
2807,0.024700000000000055,0.9977
2809,0.02639999999999998,0.9975
2811,0.01429999999999998,0.9974
2813,0.08809999999999996,0.9974
2815,0.045499999999999985,0.9975
2817,0.046499999999999986,0.997
2819,0.06310000000000004,0.9962
2821,0.06140000000000001,0.9962
2823,0.03159999999999996,0.9975
2825,0.015700000000000047,0.9961
2827,0.023800000000000043,0.9977
2829,0.013299999999999979,0.00029999999999996696
2831,0.010199999999999987,0.997
2833,0.011199999999999988,0.9976
2835,0.012499999999999956,0.46099999999999997
2837,0.01749999999999996,0.37549999999999994
2839,0.013399999999999967,0.8644000000000001
2841,0.020000000000000018,0.5023
2843,0.011199999999999988,0.8114
2845,0.011800000000000033,0.8305
2847,0.020399999999999974,0.8507
2849,0.02100000000000002,0.8374
2851,0.025000000000000022,0.9664
2853,0.025399999999999978,0.6166
2855,0.021399999999999975,0.992
2857,0.03080000000000005,0.9931
2859,0.020399999999999974,0.9925
2861,0.031100000000000017,0.28690000000000004
2863,0.02190000000000003,0.9945
2865,0.021499999999999964,0.9931
2867,0.07579999999999998,0.999
2869,0.043399999999999994,0.999
2871,0.05679999999999996,0.999
2873,0.09719999999999995,0.999
2875,0.0615,0.999
2877,0.1351,0.9991
2879,0.12929999999999997,0.9991
2881,0.0826,0.999
2883,0.17859999999999998,0.9991
2885,0.123,0.9991
2887,0.07250000000000001,0.9991
2889,0.08809999999999996,0.9991
2891,0.051000000000000045,0.9991
2893,0.040100000000000025,0.9991
2895,0.07589999999999997,0.9991
2897,0.07579999999999998,0.931
2899,0.043399999999999994,0.9991
2901,0.04959999999999998,0.9991
2903,0.04700000000000004,0.9991
2905,0.08209999999999995,0.9396
2907,0.05369999999999997,0.9991
2909,0.05940000000000001,0.9535
2911,0.1613,0.9512
2913,0.14490000000000003,0.9346
2915,0.09819999999999995,0.9991
2917,0.09499999999999997,0.9411
2919,0.12529999999999997,0.9515
2921,0.1804,0.9389
2923,0.05740000000000001,0.9384
2925,0.06769999999999998,0.935
2073,,0.5466
198,0.33099999999999996,0.0029000000000000137
199,0.1996,0.0031999999999999806
200,0.16269999999999996,0.0033999999999999586
201,0.2106,0.0033999999999999586
202,0.20699999999999996,0.0034999999999999476
203,0.2137,0.0031999999999999806
204,0.19210000000000005,0.005900000000000016
205,0.1604,0.006099999999999994
206,0.2037,0.006900000000000017
207,0.38560000000000005,0.00880000000000003
208,0.14480000000000004,0.008000000000000007
209,0.21850000000000003,0.008499999999999952
210,0.11619999999999997,0.007299999999999973
211,0.12870000000000004,0.005499999999999949
212,0.21319999999999995,0.005700000000000038
213,0.16859999999999997,0.005299999999999971
214,0.15590000000000004,0.00539999999999996
215,0.127,0.005900000000000016
216,0.2027,0.005499999999999949
217,0.21030000000000004,0.0046000000000000485
218,0.22140000000000004,0.0044999999999999485
219,0.29969999999999997,0.0047000000000000375
220,0.23809999999999998,0.0049000000000000155
221,0.22850000000000004,0.006099999999999994
222,0.2814,0.9971
223,0.29290000000000005,0.005099999999999993
224,0.2884,0.006099999999999994
225,0.2258,0.008399999999999963
226,0.2732,0.006800000000000028
227,0.27849999999999997,0.007000000000000006
228,0.26659999999999995,0.005199999999999982
229,0.3668,0.006199999999999983
230,0.30379999999999996,0.00539999999999996
231,0.42000000000000004,0.0040999999999999925
232,0.43100000000000005,0.0032999999999999696
233,0.28369999999999995,0.0031999999999999806
234,0.31479999999999997,0.0033999999999999586
235,0.36419999999999997,0.0030999999999999917
236,0.34099999999999997,0.0032999999999999696
237,0.5078,0.0032999999999999696
238,0.5335,0.0031999999999999806
239,0.24929999999999997,0.0034999999999999476
240,0.41500000000000004,0.0030999999999999917
241,0.5005999999999999,0.0030999999999999917
242,0.5323,0.0030000000000000027
243,0.542,0.0029000000000000137
244,0.46619999999999995,0.0030000000000000027
245,0.5221,0.0024999999999999467
246,0.7052,0.0024999999999999467
247,0.6091,0.9985
248,0.5880000000000001,0.0020000000000000018
249,0.6681,0.0022999999999999687
250,0.5412,0.0022999999999999687
251,0.7065,0.0014999999999999458
252,0.5485,0.0023999999999999577
253,0.5659000000000001,0.0021999999999999797
254,0.5859,0.0021999999999999797
255,0.6058,0.0021999999999999797
256,0.5395,0.0020999999999999908
257,0.5285,0.0019000000000000128
258,0.5124,0.0020000000000000018
259,0.5897,0.0018000000000000238
260,0.5558000000000001,0.0018000000000000238
261,0.5888,0.0020000000000000018
262,0.5981000000000001,0.0017000000000000348
263,0.5541,0.0017000000000000348
264,0.6994,0.0016000000000000458
265,0.6042000000000001,0.0020000000000000018
266,0.7246,0.0020000000000000018
267,0.6436999999999999,0.0022999999999999687
268,0.6714,0.0020000000000000018
269,0.7078,0.0019000000000000128
270,0.6288,0.0019000000000000128
271,0.7609,0.0023999999999999577
272,0.6273,0.0019000000000000128
273,0.7152000000000001,0.0020000000000000018
274,0.7644,0.0022999999999999687
275,0.7229,0.0022999999999999687
276,0.8481,0.0020000000000000018
277,0.7577,0.0023999999999999577
278,0.7778,0.0022999999999999687
279,0.7534,0.0022999999999999687
280,0.7774,0.0022999999999999687
281,0.7518,0.0023999999999999577
282,0.7335,0.0024999999999999467
283,0.7766,0.0024999999999999467
284,0.7384999999999999,0.0023999999999999577
285,0.7613,0.0020000000000000018
286,0.7562,0.0022999999999999687
287,0.7774,0.0026000000000000467
288,0.6275999999999999,0.0021999999999999797
289,0.6737,0.0022999999999999687
290,0.7016,0.0022999999999999687
291,0.5961000000000001,0.0022999999999999687
292,0.6515,0.0022999999999999687
293,0.5589,0.0022999999999999687
294,0.583,0.0024999999999999467
295,0.6254,0.0023999999999999577
296,0.656,0.0022999999999999687
297,0.6485000000000001,0.0021999999999999797
298,0.6351,0.0021999999999999797
299,0.7327,0.0020000000000000018
300,0.6724,0.0018000000000000238
301,0.7048,0.0013999999999999568
302,0.648,0.0014999999999999458
303,0.5971,0.0024999999999999467
304,0.4599,0.0013999999999999568
305,0.4951,0.0014999999999999458
306,0.5206,0.0032999999999999696
307,0.6461,0.0030000000000000027
308,0.6451,0.0030000000000000027
309,0.6936,0.0030000000000000027
310,0.5906,0.0021999999999999797
311,0.46230000000000004,0.0022999999999999687
312,0.46209999999999996,0.0029000000000000137
313,0.49839999999999995,0.0030000000000000027
314,0.4383,0.0026000000000000467
315,0.44699999999999995,0.0024999999999999467
316,0.31200000000000006,0.0031999999999999806
317,0.36960000000000004,0.0029000000000000137
318,0.03539999999999999,0.007199999999999984
319,0.04239999999999999,0.0010000000000000009
320,0.027000000000000024,0.0017000000000000348
321,0.045499999999999985,0.005900000000000016
322,0.033399999999999985,0.0030000000000000027
323,0.03259999999999996,0.0046000000000000485
324,0.039100000000000024,0.0044999999999999485
325,0.034399999999999986,0.010299999999999976
326,0.036599999999999966,0.0047000000000000375
327,0.025399999999999978,0.0048000000000000265
328,0.04169999999999996,0.00539999999999996
329,0.059599999999999986,0.011900000000000022
330,0.02969999999999995,0.018000000000000016
331,0.053200000000000025,0.016900000000000026
332,0.07989999999999997,0.007199999999999984
333,0.04400000000000004,0.007499999999999951
334,0.0262,0.008000000000000007
335,0.018900000000000028,0.007800000000000029
336,0.03200000000000003,0.010299999999999976
337,0.015900000000000025,0.007399999999999962
338,0.029200000000000004,0.009000000000000008
339,0.02629999999999999,0.022499999999999964
340,0.02210000000000001,0.02300000000000002
341,0.06379999999999997,0.008900000000000019
342,0.04359999999999997,0.008700000000000041
343,0.04479999999999995,0.005299999999999971
344,0.029100000000000015,0.0017000000000000348
345,0.06159999999999999,0.0024999999999999467
346,0.038900000000000046,0.01090000000000002
347,0.04190000000000005,0.0020000000000000018
348,0.022800000000000042,0.0018000000000000238
349,0.036699999999999955,0.0040000000000000036
350,0.09019999999999995,0.0017000000000000348
351,0.062000000000000055,0.0024999999999999467
352,0.0847,0.0028000000000000247
353,0.06879999999999997,0.0038000000000000256
354,0.02939999999999998,0.0046000000000000485
355,0.04400000000000004,0.0038000000000000256
356,0.03259999999999996,0.006199999999999983
357,0.09919999999999995,0.005199999999999982
358,0.14080000000000004,0.008199999999999985
359,0.14459999999999995,0.005700000000000038
360,0.11170000000000002,0.0040999999999999925
361,0.23650000000000004,0.0032999999999999696
362,0.2508,0.0028000000000000247
363,0.2501,0.0023999999999999577
364,0.29469999999999996,0.0017000000000000348
365,0.21189999999999998,0.0017000000000000348
366,0.19710000000000005,0.0018000000000000238
367,0.13290000000000002,0.0009000000000000119
368,0.46919999999999995,0.0012999999999999678
369,0.3823,0.0012999999999999678
370,0.4131,0.0012999999999999678
371,0.6609,0.0010000000000000009
372,0.5219,0.007199999999999984
373,0.752,0.008600000000000052
374,0.5166,0.011900000000000022
375,0.23939999999999995,0.012599999999999945
376,0.08909999999999996,0.005299999999999971
377,0.21730000000000005,0.005299999999999971
378,0.20450000000000002,0.005099999999999993
379,0.375,0.005800000000000027
380,0.3952,0.006800000000000028
381,0.42779999999999996,0.005700000000000038
382,0.19730000000000003,0.006099999999999994
383,0.2815,0.01319999999999999
384,0.525,0.0014999999999999458
385,0.30610000000000004,0.006900000000000017
386,0.30469999999999997,0.007299999999999973
387,0.42779999999999996,0.008499999999999952
388,0.7888999999999999,0.011499999999999955
389,0.6275999999999999,0.005499999999999949
390,0.3899,0.007800000000000029
391,0.39370000000000005,0.008299999999999974
392,0.6473,0.009000000000000008
393,0.5277000000000001,0.0010000000000000009
394,0.15449999999999997,0.0012999999999999678
395,0.5752999999999999,0.007800000000000029
396,0.37939999999999996,0.0024999999999999467
397,0.4343,0.009000000000000008
398,0.45920000000000005,0.009099999999999997
399,0.394,0.009700000000000042
400,0.23729999999999996,0.008600000000000052
401,0.35819999999999996,0.011600000000000055
402,0.39249999999999996,0.01319999999999999
403,0.3881,0.012800000000000034
404,0.5823,0.013000000000000012
405,0.32399999999999995,0.008499999999999952
406,0.16600000000000004,0.008399999999999963
407,0.7123999999999999,0.01090000000000002
408,0.42789999999999995,0.00649999999999995
409,0.11550000000000005,0.007000000000000006
410,0.46240000000000003,0.007900000000000018
411,0.281,0.009399999999999964
412,0.30300000000000005,0.012900000000000023
413,0.4304,0.007800000000000029
414,0.29259999999999997,0.008000000000000007
415,0.24439999999999995,0.007199999999999984
416,0.29890000000000005,0.010600000000000054
417,0.246,0.012700000000000045
418,0.32110000000000005,0.007000000000000006
419,0.10850000000000004,0.00880000000000003
420,0.11850000000000005,0.007499999999999951
421,0.11339999999999995,0.008199999999999985
422,0.1401,0.00880000000000003
423,0.40680000000000005,0.012800000000000034
424,0.3174,0.013000000000000012
425,0.37960000000000005,0.011700000000000044
426,0.122,0.013700000000000045
427,0.11040000000000005,0.0121
428,0.5595,0.009000000000000008
429,0.12829999999999997,0.014700000000000046
430,0.16149999999999998,0.010299999999999976
431,0.16679999999999995,0.02080000000000004
432,0.1531,0.02310000000000001
433,0.19799999999999995,0.023399999999999976
434,0.5041,0.022299999999999986
435,0.31789999999999996,0.0029000000000000137
436,0.3346,0.0020000000000000018
437,0.6496,0.009299999999999975
438,0.20389999999999997,0.008900000000000019
923,0.9992,0.0011999999999999789
924,0.16600000000000004,0.9579
925,0.9993,0.0013999999999999568
926,0.14529999999999998,0.9547
927,0.9992,0.0013999999999999568
928,0.1936,0.9579
929,0.9992,0.0012999999999999678
930,0.18069999999999997,0.9524
931,0.9992,0.0012999999999999678
932,0.19020000000000004,0.9555
933,0.22560000000000002,0.0013999999999999568
934,0.9993,0.9559
935,0.999,0.0013999999999999568
936,0.19599999999999995,0.9536
937,0.9993,0.0011999999999999789
938,0.16649999999999998,0.9512
939,0.9993,0.0012999999999999678
940,0.18000000000000005,0.9504
941,0.9992,0.0012999999999999678
942,0.21730000000000005,0.955
943,0.9992,0.0011999999999999789
944,0.17589999999999995,0.9505
945,0.999,0.0010999999999999899
946,0.21350000000000002,0.9498
947,0.9993,0.0010999999999999899
948,0.19179999999999997,0.9515
949,0.9992,0.0011999999999999789
950,0.23919999999999997,0.9483
951,0.9993,0.0010999999999999899
952,0.18330000000000002,0.9485
953,0.9993,0.0011999999999999789
954,0.1884,0.9576
955,0.9993,0.0011999999999999789
956,0.19130000000000003,0.9554
957,0.9992,0.0010999999999999899
958,0.15539999999999998,0.9538
959,0.9993,0.0011999999999999789
960,0.22509999999999997,0.9539
961,0.9993,0.0011999999999999789
962,0.15749999999999997,0.9583
963,0.9993,0.0011999999999999789
964,0.17259999999999998,0.9381
965,0.9992,0.0011999999999999789
966,0.21089999999999998,0.9517
967,0.9993,0.0011999999999999789
968,0.1673,0.9536
969,0.9992,0.0013999999999999568
970,0.17420000000000002,0.9545
971,0.9992,0.0012999999999999678
972,0.22619999999999996,0.9611
973,0.9992,0.0012999999999999678
974,0.2057,0.954
975,0.9993,0.0012999999999999678
976,0.16090000000000004,0.9568
977,0.9993,0.0012999999999999678
978,0.1713,0.9594
979,0.9992,0.0012999999999999678
980,0.15080000000000005,0.9601999999999999
981,0.9993,0.0011999999999999789
982,0.16920000000000002,0.9549
983,0.9993,0.0011999999999999789
984,0.21430000000000005,0.9529
985,0.005700000000000038,0.0030000000000000027
986,0.8275,0.0013999999999999568
987,0.866,0.0038000000000000256
988,0.005499999999999949,0.0014999999999999458
989,0.8213,0.0040000000000000036
990,0.005499999999999949,0.0016000000000000458
991,0.8794,0.0031999999999999806
992,0.005299999999999971,0.0013999999999999568
993,0.8,0.0041999999999999815
994,0.005600000000000049,0.0014999999999999458
995,0.8160000000000001,0.0041999999999999815
996,0.0044999999999999485,0.0019000000000000128
997,0.8625,0.0037000000000000366
998,0.0049000000000000155,0.0020000000000000018
999,0.8717,0.0036000000000000476
1000,0.0046000000000000485,0.0021999999999999797
1001,0.8348,0.0038000000000000256
1002,0.0050000000000000044,0.0020999999999999908
1003,0.8585,0.0038000000000000256
1004,0.006000000000000005,0.0020000000000000018
1005,0.8929,0.0038000000000000256
1006,0.0042999999999999705,0.0016000000000000458
1007,0.8689,0.0040000000000000036
1008,0.006900000000000017,0.0019000000000000128
1009,0.876,0.0043999999999999595
1010,0.0050000000000000044,0.0021999999999999797
1011,0.8966,0.0038000000000000256
1012,0.005499999999999949,0.0018000000000000238
1013,0.867,0.0034999999999999476
1014,0.0044999999999999485,0.0017000000000000348
1015,0.8612,0.0041999999999999815
1016,0.0050000000000000044,0.0021999999999999797
1017,0.8767,0.0041999999999999815
1018,0.0046000000000000485,0.0020000000000000018
1019,0.8283,0.0040999999999999925
1020,0.0044999999999999485,0.0020000000000000018
1021,0.8559,0.0037000000000000366
1022,0.0047000000000000375,0.0019000000000000128
1023,0.8567,0.0041999999999999815
1024,0.0043999999999999595,0.0019000000000000128
1025,0.851,0.0040000000000000036
1026,0.0046000000000000485,0.0019000000000000128
1027,0.8891,0.0039000000000000146
1028,0.0046000000000000485,0.0018000000000000238
1029,0.8688,0.0037000000000000366
1030,0.0046000000000000485,0.0017000000000000348
1031,0.8545,0.0036000000000000476
1032,0.0043999999999999595,0.0018000000000000238
1033,0.8873,0.0037000000000000366
1034,0.005299999999999971,0.0017000000000000348
1035,0.8676,0.0030999999999999917
1036,0.0049000000000000155,0.0017000000000000348
1037,0.854,0.0031999999999999806
1038,0.005499999999999949,0.0014999999999999458
1039,0.8572,0.0040999999999999925
1040,0.005600000000000049,0.0014999999999999458
1041,0.8479,0.0040999999999999925
1042,0.0044999999999999485,0.0013999999999999568
1043,0.7908999999999999,0.0046000000000000485
1044,0.005299999999999971,0.0013999999999999568
1045,0.8099000000000001,0.0048000000000000265
1046,0.0042999999999999705,0.0020000000000000018
1047,0.8129,0.0038000000000000256
1048,0.005099999999999993,0.0013999999999999568
1049,0.8681,0.0038000000000000256
1050,0.0047000000000000375,0.0020999999999999908
1051,0.8516,0.0040999999999999925
1052,0.005199999999999982,0.0020999999999999908
1053,0.8585,0.0043999999999999595
1054,0.005099999999999993,0.0014999999999999458
1055,0.8573999999999999,0.0043999999999999595
1056,0.005199999999999982,0.0014999999999999458
1057,0.8351,0.0043999999999999595
1058,0.0049000000000000155,0.0016000000000000458
1059,0.8799,0.0037000000000000366
1060,0.0048000000000000265,0.0020000000000000018
1061,0.8762,0.0042999999999999705
1062,0.006199999999999983,0.0016000000000000458
1063,0.8328,0.0037000000000000366
1064,0.0039000000000000146,0.0017000000000000348
1065,0.8302,0.0043999999999999595
1066,0.0050000000000000044,0.0019000000000000128
1067,0.8737,0.0037000000000000366
1068,0.0044999999999999485,0.0020000000000000018
1069,0.8459,0.0042999999999999705
1070,0.00539999999999996,0.0018000000000000238
1071,0.849,0.0041999999999999815
1072,0.0040999999999999925,0.0020999999999999908
1073,0.8682,0.0037000000000000366
1074,0.0046000000000000485,0.0020999999999999908
1075,0.8362,0.0040999999999999925
1076,0.0040000000000000036,0.0017000000000000348
1077,0.8578,0.0038000000000000256
1078,0.0046000000000000485,0.0020000000000000018
1079,0.8528,0.0042999999999999705
1080,0.005299999999999971,0.0017000000000000348
1081,0.8369,0.0032999999999999696
1082,0.0048000000000000265,0.0017000000000000348
1083,0.8988,0.0039000000000000146
1084,0.0041999999999999815,0.0017000000000000348
1085,0.8429,0.0040999999999999925
1086,0.0047000000000000375,0.0016000000000000458
1087,0.8328,0.0032999999999999696
1088,0.005600000000000049,0.0016000000000000458
1089,0.8774,0.0041999999999999815
1090,0.0050000000000000044,0.0014999999999999458
1091,0.8375,0.0040000000000000036
1092,0.005900000000000016,0.0018000000000000238
1093,0.8401000000000001,0.0036000000000000476
1094,0.00539999999999996,0.0013999999999999568
1095,0.8354,0.0040000000000000036
1096,0.005299999999999971,0.0014999999999999458
1097,0.8385,0.0040999999999999925
1098,0.005700000000000038,0.0014999999999999458
1099,0.8372999999999999,0.0039000000000000146
1100,0.0050000000000000044,0.0016000000000000458
1101,0.835,0.0038000000000000256
1102,0.005900000000000016,0.0020999999999999908
1103,0.8568,0.0040999999999999925
1104,0.0039000000000000146,0.0014999999999999458
1105,0.8047,0.0043999999999999595
1106,0.005600000000000049,0.0017000000000000348
1107,0.8280000000000001,0.0042999999999999705
1108,0.0047000000000000375,0.0017000000000000348
1109,0.8197,0.0042999999999999705
1110,0.0049000000000000155,0.0017000000000000348
1111,0.8734,0.0044999999999999485
1112,0.005499999999999949,0.0020999999999999908
1113,0.8867,0.0042999999999999705
1114,0.0050000000000000044,0.0016000000000000458
1115,0.8723,0.0040999999999999925
1116,0.0040999999999999925,0.0020000000000000018
1117,0.8599,0.0046000000000000485
1118,0.0048000000000000265,0.0019000000000000128
1119,0.8629,0.0034999999999999476
1120,0.0046000000000000485,0.0019000000000000128
1121,0.8351,0.0041999999999999815
1122,0.005099999999999993,0.0019000000000000128
1123,0.9207,0.0042999999999999705
1124,0.0044999999999999485,0.0019000000000000128
1125,0.907,0.0037000000000000366
1126,0.0046000000000000485,0.0019000000000000128
1127,0.8698,0.0042999999999999705
1128,0.0047000000000000375,0.0018000000000000238
1129,0.8472999999999999,0.0039000000000000146
1130,0.005800000000000027,0.0018000000000000238
1131,0.8535,0.0040000000000000036
1132,0.0049000000000000155,0.0018000000000000238
1133,0.8105,0.0033999999999999586
1134,0.0049000000000000155,0.0018000000000000238
1135,0.8662,0.0040000000000000036
1136,0.005299999999999971,0.0017000000000000348
2073,0.5319,
2074,0.1926,0.5608
2075,0.9956,0.0033999999999999586
2076,0.9711,0.5053000000000001
2077,0.817,0.9106
2078,0.21450000000000002,0.23719999999999997
2079,0.9706,0.9131
2080,0.9958,0.0044999999999999485
2081,0.7698,0.16720000000000002
2082,0.20499999999999996,0.9192
2083,0.9717,0.0049000000000000155
2084,0.996,0.8098
2085,0.7726999999999999,0.9148000000000001
2086,0.0353,0.5387
2087,0.9728,0.005299999999999971
2088,0.9967,1.0
2089,0.8102,0.9023
2090,0.23299999999999998,0.5435
2091,0.9699,1.0
2092,0.9957,0.9111
2093,0.7831,0.006099999999999994
2094,0.23860000000000003,0.23299999999999998
2095,0.9703,0.514
2096,0.9967,0.006399999999999961
2097,0.7592,0.20899999999999996
2098,0.29259999999999997,0.2136
2099,0.9756,0.24819999999999998
2100,0.9966,0.20679999999999998
2101,0.8025,0.007199999999999984
2102,0.25439999999999996,0.22519999999999996
2103,0.9711,0.25360000000000005
2104,0.9966,0.20499999999999996
2105,0.8962,0.006700000000000039
2106,0.1533,0.2409
2107,0.9732,1.0
2108,0.9968,0.008000000000000007
2109,0.8598,0.918
2110,0.28049999999999997,0.5347
2111,0.973,0.3194
2112,0.9973,0.01529999999999998
2113,0.8777,0.9205
2114,0.24570000000000003,0.5355
2115,0.9736,0.51
2116,0.9966,0.019199999999999995
2117,0.878,0.19440000000000002
2118,0.17769999999999997,0.5490999999999999
2119,0.9699,0.8577
2120,0.9968,0.018000000000000016
2121,0.9083,0.26849999999999996
2122,0.9733,0.21230000000000004
2123,0.24229999999999996,1.0
2124,0.9969,0.05630000000000002
2125,0.8766,0.2884
2126,0.21089999999999998,0.22560000000000002
2127,0.9741,0.9021
2128,0.9966,0.10250000000000004
2129,0.8725,0.2519
2130,0.2308,0.23260000000000003
2131,0.9707,0.06169999999999998
2132,0.9966,0.057599999999999985
2133,0.8581,0.27359999999999995
2134,0.4686,0.23170000000000002
2135,0.9703,0.9672
2136,0.9966,0.88
2137,0.907,0.24570000000000003
2138,0.33999999999999997,0.22519999999999996
2139,0.9707,0.2389
2140,0.9968,0.03849999999999998
2141,0.8862,0.2824
2142,0.34940000000000004,0.2308
2143,0.97,0.236
2144,0.9964,0.2842
2145,0.8824,0.07599999999999996
2146,0.3145,0.23350000000000004
2147,0.974,0.859
2148,0.9963,0.07010000000000005
2149,0.8180000000000001,0.28859999999999997
2150,0.23019999999999996,0.22309999999999997
2151,0.9711,0.18330000000000002
2152,0.9965,0.0736
2153,0.7733,0.18569999999999998
2154,0.2219,0.21819999999999995
2155,0.9675,0.9786
2156,0.9962,0.020299999999999985
2157,0.6473,0.29769999999999996
2158,0.21209999999999996,0.23119999999999996
2159,0.9689,0.19489999999999996
2160,0.9962,0.031200000000000006
2161,0.8511,0.138
2162,0.15290000000000004,0.23370000000000002
2163,0.9724,0.9817
2164,0.9946,0.03700000000000003
2165,0.8674,0.3183
2166,0.18679999999999997,0.22829999999999995
2167,0.9699,1.0
2168,0.9956,0.01739999999999997
2169,0.7582,0.2972
2170,0.19669999999999999,0.22119999999999995
2171,0.9687,0.985
2172,0.9968,0.021100000000000008
2173,0.8477,0.9117
2174,0.20230000000000004,0.2107
2175,0.9736,0.008600000000000052
2176,0.9967,1.0
2177,0.8442000000000001,0.28
2178,0.28400000000000003,0.21950000000000003
2179,0.971,0.9768
2180,0.9964,0.008299999999999974
2181,0.9,0.19620000000000004
2182,0.25070000000000003,0.22760000000000002
2183,0.9728,0.008299999999999974
2184,0.9964,0.9892
2185,0.8718,0.2429
2186,0.16749999999999998,0.2228
2187,0.9705,0.8996
2188,0.9964,0.007399999999999962
2189,0.5678000000000001,0.3025
2190,0.11319999999999997,0.21299999999999997
2191,0.9704,0.007099999999999995
2192,0.9967,0.8999
2193,0.6554,0.2804
2194,0.11919999999999997,0.2247
2195,0.9701,0.007199999999999984
2196,0.9966,0.9759
2197,0.9335,0.21799999999999997
2198,0.18230000000000002,0.22519999999999996
2199,0.969,0.06720000000000004
2200,0.9967,0.00770000000000004
2201,0.8809,0.32120000000000004
2202,0.16849999999999998,0.22030000000000005
2203,0.9724,0.007399999999999962
2204,0.9963,1.0
2205,0.7895,0.19840000000000002
2206,0.18259999999999998,0.21099999999999997
2207,0.971,0.06820000000000004
2208,0.9958,0.00770000000000004
2209,0.8477,0.17559999999999998
2210,0.17090000000000005,0.2229
2211,0.9721,0.007099999999999995
2212,0.9965,1.0
2213,0.5481,0.9081
2214,0.18069999999999997,0.21150000000000002
2215,0.9698,0.0605
2216,0.9957,0.008000000000000007
2217,0.8559,0.9094
2218,0.17859999999999998,0.22299999999999998
2219,0.9689,0.007600000000000051
2220,0.9963,0.9702
2221,0.48729999999999996,0.19710000000000005
2222,0.15239999999999998,0.21399999999999997
2223,0.9679,0.007600000000000051
2224,0.9964,0.8571
2225,0.6053999999999999,0.25839999999999996
2226,0.2117,0.21009999999999995
2227,0.9714,0.006700000000000039
2228,0.9964,0.9997
2229,0.8721,0.28400000000000003
2230,0.14600000000000002,0.21220000000000006
2231,0.9709,0.007600000000000051
2232,0.9973,0.06410000000000005
2233,0.581,0.9146
2234,0.24139999999999995,0.22050000000000003
2235,0.9708,0.007499999999999951
2236,0.9969,0.06889999999999996
2237,0.5660000000000001,0.3345
2238,0.22950000000000004,0.22050000000000003
2239,0.9708,0.007399999999999962
2240,0.9969,0.06930000000000003
2241,0.6605,0.3268
2242,0.20779999999999998,0.21889999999999998
2243,0.9685,0.9756
2244,0.9968,0.006399999999999961
2245,0.6497999999999999,0.24460000000000004
2246,0.2136,0.2197
2247,0.9695,0.9926
2248,0.9968,0.007499999999999951
2249,0.8623000000000001,0.31799999999999995
2250,0.21450000000000002,0.20999999999999996
2251,0.9693,0.007499999999999951
2252,0.997,1.0
2253,0.6507000000000001,0.2429
2254,0.21120000000000005,0.20520000000000005
2255,0.9697,0.9
2256,0.9969,0.00660000000000005
2257,0.7437,0.31610000000000005
2258,0.17090000000000005,0.21660000000000001
2259,0.9695,0.9214
2260,0.9968,0.007499999999999951
2261,0.7072,0.2994
2262,0.16579999999999995,0.2247
2263,0.9682,0.903
2264,0.9971,0.007399999999999962
2265,0.5411,0.30310000000000004
2266,0.22960000000000003,0.2238
2267,0.9689,0.9006
2268,0.9969,0.00649999999999995
2269,0.5848,0.26780000000000004
2270,0.16869999999999996,0.21940000000000004
2271,0.9694,0.007800000000000029
2272,0.9969,0.98
2273,0.4225,0.603
2274,0.16779999999999995,0.20879999999999999
2275,0.9667,0.007399999999999962
2276,0.9968,1.0
2277,0.53,0.3103
2278,0.1775,0.2138
2279,0.9694,0.006700000000000039
2280,0.9961,0.9729
2281,0.5386,0.29910000000000003
2282,0.16749999999999998,0.2156
2283,0.9679,0.057599999999999985
2284,0.9967,0.008199999999999985
2285,0.5570999999999999,0.18410000000000004
2286,0.1473,0.2228
2287,0.9678,1.0
2288,0.9966,0.007900000000000018
2289,0.5768,0.27159999999999995
2290,0.20289999999999997,0.21819999999999995
2291,0.9688,0.007299999999999973
2292,0.9968,0.8996
2293,0.5082,0.3052
2294,0.1846,0.22119999999999995
2295,0.9685,0.006900000000000017
2296,0.9966,0.9769
2297,0.5033000000000001,0.19440000000000002
2298,0.1604,0.2156
2299,0.9694,0.006900000000000017
2300,0.9967,0.06320000000000003
2301,0.7757000000000001,0.18830000000000002
2302,0.14459999999999995,0.2128
2303,0.9709,0.006900000000000017
2304,0.9947,1.0
2305,0.8465,0.2946
2306,0.1845,0.22150000000000003
2307,0.9683,0.006700000000000039
2308,0.9952,1.0
2309,0.8519,0.30179999999999996
2310,0.14780000000000004,0.21830000000000005
2311,0.9728,0.007000000000000006
2312,0.9965,0.9779
2313,0.8527,0.23960000000000004
2314,0.2238,0.21699999999999997
2315,0.9697,0.006399999999999961
2316,0.9969,0.05669999999999997
2317,0.3578,0.3003
2318,0.1997,0.21450000000000002
2319,0.9709,0.006399999999999961
2320,0.9967,0.06589999999999996
2321,0.6736,0.20589999999999997
2322,0.15639999999999998,0.20499999999999996
2323,0.9691,0.007399999999999962
2324,0.9967,0.05940000000000001
2325,0.9056,0.18979999999999997
2326,0.18369999999999997,0.2208
2327,0.9727,0.006199999999999983
2328,0.9969,1.0
2329,0.2712,0.26049999999999995
2330,0.05130000000000001,0.14090000000000003
2331,0.8835,0.5529999999999999
2332,0.8983,0.9997
2333,0.07630000000000003,0.9143
2334,0.9053,0.524
2335,0.9952,0.006199999999999983
2336,0.22219999999999995,0.9857
2337,0.10850000000000004,0.9012
2338,0.8923,0.2733
2339,0.27659999999999996,0.5035000000000001
2340,0.08309999999999995,0.038000000000000034
2341,0.8828,0.9007000000000001
2342,0.20650000000000002,0.006700000000000039
2343,0.04139999999999999,0.5214
2344,0.8875,0.11060000000000003
2345,0.9939,0.8993
2346,0.8122,0.5156000000000001
2347,0.043200000000000016,0.005900000000000016
2348,0.8936999999999999,0.10570000000000002
2349,0.2339,0.9125
2350,0.04569999999999996,0.006000000000000005
2351,0.894,0.5261
2352,0.22060000000000002,0.03700000000000003
2353,0.030399999999999983,0.9178
2354,0.8912,0.5
2355,0.9942,0.006299999999999972
2356,0.3074,0.10880000000000001
2357,0.043399999999999994,0.9109
2358,0.859,0.5152
2359,0.6534,0.006399999999999961
2360,0.051899999999999946,0.9888
2361,0.942,0.895
2362,0.5351,0.5347999999999999
2363,0.05989999999999995,0.006000000000000005
2364,0.9319999999999999,0.9864
2365,0.30100000000000005,0.9134
2366,0.04959999999999998,0.5105
2367,0.9041,0.006199999999999983
2368,0.39970000000000006,0.11060000000000003
2369,0.03480000000000005,0.9071
2370,0.9344,0.5146999999999999
2371,0.47950000000000004,0.006199999999999983
2372,0.04300000000000004,0.10940000000000005
2373,0.8867,0.9059
2374,0.2257,0.5186
2375,0.03320000000000001,0.005700000000000038
2376,0.9062,0.03759999999999997
2377,0.19620000000000004,0.9022
2378,0.08350000000000002,0.006000000000000005
2379,0.9312,0.5172
2380,0.9944,0.9823
2381,0.24260000000000004,0.9105
2382,0.03820000000000001,0.005700000000000038
2383,0.9218999999999999,0.5212
2384,0.994,0.9999
2385,0.20540000000000003,0.905
2386,0.030299999999999994,0.005700000000000038
2387,0.9367,0.5281
2388,0.9936,0.10250000000000004
2389,0.16510000000000002,0.9072
2390,0.13729999999999998,0.005499999999999949
2391,0.8985,0.5284
2392,0.16710000000000003,0.04039999999999999
2393,0.05149999999999999,0.9061
2394,0.9371,0.005299999999999971
2395,0.23299999999999998,0.5279
2396,0.048900000000000055,0.32199999999999995
2397,0.9443,0.9005
2398,0.21630000000000005,0.00539999999999996
2399,0.03839999999999999,0.5113
2400,0.9417,0.10540000000000005
2401,0.22699999999999998,0.9108
2402,0.03469999999999995,0.005700000000000038
2403,0.9111,0.5243
2404,0.994,0.9998
2405,0.25960000000000005,0.9008
2406,0.08320000000000005,0.005299999999999971
2407,0.9117999999999999,0.5315
2408,0.24939999999999996,0.10150000000000003
2409,0.03400000000000003,0.9125
2410,0.9338,0.005800000000000027
2411,0.19940000000000002,0.5353
2412,0.040200000000000014,0.9781
2413,0.9266,0.919
2414,0.28080000000000005,0.005600000000000049
2415,0.04700000000000004,0.5355
2416,0.9565,0.07540000000000002
2417,0.23229999999999995,0.9113
2418,0.08009999999999995,0.006000000000000005
2419,0.9279,0.5419
2420,0.23850000000000005,0.986
2421,0.0595,0.9123
2422,0.9315,0.006299999999999972
2423,0.2197,0.5374
2424,0.053300000000000014,0.2631
2425,0.9345,0.9009
2426,0.248,0.005800000000000027
2427,0.040100000000000025,0.5398000000000001
2428,0.9205,0.9235
2429,0.15490000000000004,0.9104
2430,0.05059999999999998,0.005700000000000038
2431,0.9108,0.5348999999999999
2432,0.28979999999999995,0.0776
2433,0.0706,0.9114
2434,0.9145,0.5267
2435,0.9937,0.005700000000000038
2436,0.26160000000000005,0.08009999999999995
2437,0.16390000000000005,0.9101
2438,0.9187,0.006299999999999972
2439,0.9929,0.5152
2440,0.2108,0.9995
2441,0.1975,0.9094
2442,0.9184,0.005299999999999971
2443,0.9932,0.5228999999999999
2444,0.1856,0.9757
2445,0.042300000000000004,0.9303
2446,0.9104,0.005499999999999949
2447,0.9928,0.5303
2448,0.18489999999999995,0.032399999999999984
2449,0.06389999999999996,0.9203
2450,0.9359999999999999,0.005800000000000027
2451,0.19379999999999997,0.5364
2452,0.11780000000000002,0.1462
2453,0.9017,0.9294
2454,0.17500000000000004,0.006000000000000005
2455,0.04149999999999998,0.5176000000000001
2456,0.9316,0.05489999999999995
2457,0.15610000000000002,0.9182
2458,0.054400000000000004,0.005900000000000016
2459,0.8952,0.5058
2460,0.15159999999999996,0.09350000000000003
2461,0.046599999999999975,0.9113
2462,0.9089,0.005499999999999949
2463,0.9939,0.5058
2464,0.20579999999999998,0.0937
2465,0.05620000000000003,0.9147
2466,0.9186,0.006099999999999994
2467,0.9938,0.07540000000000002
2468,0.8384,0.5081
2469,0.13980000000000004,0.908
2470,0.921,0.007099999999999995
2471,0.6121,0.5258
2472,0.05789999999999995,0.07950000000000002
2473,0.8863,0.9117
2474,0.5145,0.006900000000000017
2475,0.056499999999999995,0.5407
2476,0.9036,0.04049999999999998
2477,0.7239,0.9001
2478,0.02959999999999996,0.00649999999999995
2479,0.944,0.5182
2480,0.31899999999999995,0.048699999999999966
2481,0.047699999999999965,0.9072
2482,0.9124,0.005700000000000038
2483,0.22260000000000002,0.525
2484,0.06359999999999999,0.07240000000000002
2485,0.9131,0.9065
2486,0.20120000000000005,0.006299999999999972
2487,0.03969999999999996,0.5097
2488,0.9103,0.07589999999999997
2489,0.3287,0.9
2490,0.022599999999999953,0.006399999999999961
2491,0.8979,0.5069
2492,0.3489,0.07669999999999999
2493,0.030000000000000027,0.9172
2494,0.8828,0.005600000000000049
2495,0.26439999999999997,0.5259
2496,0.052200000000000024,0.07250000000000001
2497,0.9044,0.913
2498,0.24970000000000003,0.006299999999999972
2499,0.03720000000000001,0.5158
2500,0.9226,0.5176000000000001
2501,0.30889999999999995,0.9105
2502,0.06440000000000001,0.005800000000000027
2503,0.9065,0.13319999999999999
2504,0.31289999999999996,0.23929999999999996
2505,0.07410000000000005,0.9145
2506,0.9243,0.005800000000000027
2507,0.24739999999999995,0.13270000000000004
2508,0.12060000000000004,0.23939999999999995
2509,0.9279,0.9134
2510,0.2518,0.005299999999999971
2511,0.12919999999999998,0.5287
2512,0.9291,0.593
2513,0.30810000000000004,0.9235
2514,0.03510000000000002,0.005600000000000049
2515,0.9283,0.1058
2516,0.3447,0.521
2517,0.047799999999999954,0.918
2518,0.9297,0.005800000000000027
2519,0.2714,0.07440000000000002
2520,0.05400000000000005,0.24980000000000002
2521,0.9148000000000001,0.9097999999999999
2522,0.20109999999999995,0.006000000000000005
2523,0.03839999999999999,0.07169999999999999
2524,0.9253,0.5126999999999999
2525,0.20430000000000004,0.9053
2526,0.20289999999999997,0.0049000000000000155
2527,0.9194,0.027900000000000036
2528,0.19689999999999996,0.5138
2529,0.06510000000000005,0.9166
2530,0.8962,0.005199999999999982
2531,0.16349999999999998,0.956
2532,0.05689999999999995,0.517
2533,0.9202,0.9132
2534,0.19430000000000003,0.005099999999999993
2535,0.043300000000000005,0.08520000000000005
2536,0.9255,0.235
2537,0.19699999999999995,0.9156
2538,0.16269999999999996,0.0049000000000000155
2539,0.9012,0.9993
2540,0.2037,0.5287
2541,0.05610000000000004,0.9124
2542,0.8989,0.006299999999999972
2543,0.2622,0.5208999999999999
2544,0.02959999999999996,0.06369999999999998
2545,0.895,0.9079
2546,0.20550000000000002,0.005700000000000038
2547,0.12239999999999995,0.5161
2548,0.8765000000000001,0.06840000000000002
2549,0.1985,0.9028
2550,0.06059999999999999,0.006000000000000005
2551,0.9157,0.5167999999999999
2552,0.17459999999999998,0.06279999999999997
2553,0.04069999999999996,0.9121
2554,0.9103,0.005900000000000016
2555,0.1926,0.5163
2556,0.05230000000000001,0.06369999999999998
2557,0.9163,0.9297
2558,0.2532,0.006000000000000005
2559,0.05500000000000005,0.4989
2560,0.9075,0.06610000000000005
2561,0.3316,0.907
2562,0.0484,0.005900000000000016
2563,0.8999,0.9337
2564,0.994,0.49529999999999996
2565,0.3879,0.9162
2566,0.05679999999999996,0.005900000000000016
2567,0.8983,0.06440000000000001
2568,0.19210000000000005,0.23250000000000004
2569,0.053300000000000014,0.005900000000000016
2570,0.8996999999999999,0.5211
2571,0.19879999999999998,0.07130000000000003
2572,0.054200000000000026,0.9148000000000001
2573,0.9084,0.005600000000000049
2574,0.23109999999999997,0.5277000000000001
2575,0.06559999999999999,0.1058
2741,0.005800000000000027,0.0019000000000000128
2743,0.0032999999999999696,0.0022999999999999687
2745,0.0049000000000000155,0.0021999999999999797
2747,0.005700000000000038,0.0024999999999999467
2749,0.0049000000000000155,0.0021999999999999797
2751,0.005199999999999982,0.0022999999999999687
2753,0.0041999999999999815,0.0021999999999999797
2755,0.0046000000000000485,0.0029000000000000137
2757,0.0048000000000000265,0.0024999999999999467
2759,0.0034999999999999476,0.0024999999999999467
2761,0.0049000000000000155,0.0024999999999999467
2763,0.0048000000000000265,0.0026000000000000467
2765,0.005099999999999993,0.0024999999999999467
2767,0.005199999999999982,0.0024999999999999467
2769,0.0048000000000000265,0.0023999999999999577
2771,0.0048000000000000265,0.0020999999999999908
2773,0.0048000000000000265,0.0021999999999999797
2775,0.0040000000000000036,0.0023999999999999577
2777,0.0049000000000000155,0.0026000000000000467
2779,0.0046000000000000485,0.0027000000000000357
2781,0.0043999999999999595,0.0023999999999999577
2783,0.005700000000000038,0.0021999999999999797
2785,0.0040999999999999925,0.0024999999999999467
2787,0.0037000000000000366,0.0022999999999999687
2789,0.005700000000000038,0.0026000000000000467
2791,0.0037000000000000366,0.0023999999999999577
2793,0.0046000000000000485,0.0024999999999999467
2795,0.0048000000000000265,0.0024999999999999467
2797,0.006000000000000005,0.0024999999999999467
2799,0.0026000000000000467,0.0024999999999999467
2801,0.00539999999999996,0.0027000000000000357
2803,0.0047000000000000375,0.0027000000000000357
2806,0.7109,0.9913
2808,0.6912,0.9924
2810,0.6992,0.9912
2812,0.7277,0.9913
2814,0.7176,0.9921
2816,0.7536,0.9914
2818,0.7175,0.9914
2820,0.6556,0.9929
2822,0.6355,0.03839999999999999
2824,0.7379,0.9924
2826,0.6856,0.9915
2828,0.636,0.9915
2830,0.6034999999999999,0.9931
2832,0.6793,0.9934
2834,0.7446999999999999,0.9917
2836,0.6177,0.0030999999999999917
2838,0.7101,0.0021999999999999797
2840,0.6477999999999999,0.0021999999999999797
2842,0.675,0.0022999999999999687
2844,0.6345000000000001,0.0020999999999999908
2846,0.6386000000000001,0.0021999999999999797
2848,0.6141,0.0017000000000000348
2850,0.659,0.0016000000000000458
2852,0.609,0.0017000000000000348
2854,0.6355999999999999,0.0018000000000000238
2856,0.5709,0.0016000000000000458
2858,0.6088,0.0013999999999999568
2860,0.6376999999999999,0.0014999999999999458
2862,0.6463,0.0013999999999999568
2864,0.5905,0.0013999999999999568
2866,0.607,0.0013999999999999568
2576,,0.9074
439,0.23440000000000005,0.9868
440,0.24080000000000001,0.9887
441,0.2501,0.9875
442,0.2541,0.9867
443,0.24639999999999995,0.9882
444,0.2509,0.9879
445,0.2561,0.9879
446,0.2642,0.9901
447,0.25049999999999994,0.9905
448,0.25770000000000004,0.9895
449,0.2571,0.9897
450,0.2479,0.9901
451,0.2469,0.9902
452,0.22899999999999998,0.99
453,0.2369,0.9901
454,0.23909999999999998,0.99
455,0.23129999999999995,0.9898
456,0.24480000000000002,0.9898
457,0.22340000000000004,0.9896
458,0.23560000000000003,0.9887
459,0.24160000000000004,0.9893
460,0.22430000000000005,0.9899
461,0.21099999999999997,0.99
462,0.20709999999999995,0.9912
463,0.19389999999999996,0.9936
464,0.18979999999999997,0.991
465,0.1886,0.9938
466,0.18259999999999998,0.9928
467,0.1694,0.9934
468,0.18689999999999996,0.9934
469,0.1784,0.9933
470,0.17779999999999996,0.994
471,0.1733,0.9933
472,0.17369999999999997,0.9939
473,0.15810000000000002,0.9944
474,0.17200000000000004,0.9946
475,0.16510000000000002,0.9935
476,0.16769999999999996,0.9943
477,0.1694,0.9942
478,0.16569999999999996,0.9943
479,0.1674,0.9935
480,0.17359999999999998,0.9941
481,0.17420000000000002,0.9943
482,0.17479999999999996,0.9942
483,0.17569999999999997,0.9944
484,0.17559999999999998,0.994
485,0.17679999999999996,0.9928
486,0.18289999999999995,0.9925
487,0.18279999999999996,0.9917
488,0.18689999999999996,0.9923
489,0.17720000000000002,0.9926
490,0.1884,0.9925
491,0.1845,0.9924
492,0.18000000000000005,0.9924
493,0.17600000000000005,0.9919
494,0.17479999999999996,0.9921
495,0.18589999999999995,0.9917
496,0.17810000000000004,0.9906
497,0.17469999999999997,0.9915
498,0.1814,0.9917
499,0.1755,0.992
500,0.1784,0.9913
1137,0.23150000000000004,0.9941
1138,0.9505,0.952
1139,0.22899999999999998,0.9939
1140,0.9466,0.9564
1141,0.22430000000000005,0.9934
1142,0.9288,0.959
1143,0.21189999999999998,0.9933
1144,0.9367,0.9544
1145,0.21719999999999995,0.9938
1146,0.9299999999999999,0.9527
1147,0.2116,0.9943
1148,0.9348,0.9564
1149,0.21450000000000002,0.9938
1150,0.9287,0.9511000000000001
1151,0.22809999999999997,0.9936
1152,0.9476,0.9561
1153,0.2269,0.9941
1154,0.9338,0.9565
1155,0.22160000000000002,0.9934
1156,0.9488,0.9574
1157,0.22899999999999998,0.9935
1158,0.9248,0.9551
1159,0.22660000000000002,0.9939
1160,0.9423,0.9551
1161,0.22829999999999995,0.9938
1162,0.9356,0.9559
1163,0.22629999999999995,0.9937
1164,0.8983,0.9559
1165,0.22719999999999996,0.9939
1166,0.8625,0.9509
1167,0.21960000000000002,0.9938
1168,0.8897,0.9531000000000001
1169,0.22119999999999995,0.9938
1170,0.8854,0.9469
1171,0.21919999999999995,0.9938
1172,0.9043,0.9411
1173,0.22629999999999995,0.9942
1174,0.9164,0.9385
1175,0.22509999999999997,0.9941
1176,0.9085,0.9619
1177,0.22230000000000005,0.9938
1178,0.9283,0.9822
1179,0.22230000000000005,0.9937
1180,0.9267,0.9749
1181,0.24250000000000005,0.9935
1182,0.918,0.9709
1183,0.23470000000000002,0.9942
1184,0.9486,0.9849
1185,0.22819999999999996,0.9938
1186,0.9742,0.9919
1187,0.23240000000000005,0.9938
1188,0.9691,0.9946
1189,0.23129999999999995,0.9939
1190,0.9674,0.9951
1191,0.22999999999999998,0.994
1192,0.9642,0.9948
1193,0.22319999999999995,0.9938
1194,0.9708,0.9939
1195,0.22950000000000004,0.9937
1196,0.963,0.9925
1197,0.22650000000000003,0.9942
1198,0.9531000000000001,0.9782
1199,0.22030000000000005,0.994
1200,0.9487,0.9844
1201,0.23629999999999995,0.9943
1202,0.967,0.9845
1203,0.22340000000000004,0.9937
1204,0.962,0.9726
1205,0.23119999999999996,0.9934
1206,0.9739,0.9621
1207,0.22030000000000005,0.9942
1208,0.972,0.9721
1209,0.2398,0.9938
1210,0.9659,0.9733
1211,0.2329,0.9935
1212,0.9675,0.9835
1213,0.23319999999999996,0.9942
1214,0.9667,0.9595
1215,0.22050000000000003,0.9941
1216,0.9678,0.971
1217,0.2227,0.9938
1218,0.9618,0.9506
1219,0.22550000000000003,0.9942
1220,0.9751,0.9654
1221,0.2096,0.9939
1222,0.9576,0.9492
1223,0.21499999999999997,0.9936
1224,0.9674,0.9518
1225,0.21240000000000003,0.9939
1226,0.9712,0.9579
1227,0.22009999999999996,0.994
1228,0.9711,0.9646
1229,0.2097,0.9935
1230,0.9687,0.9477
1231,0.21350000000000002,0.9937
1232,0.9715,0.9673
1233,0.23960000000000004,0.9942
1234,0.96,0.946
1235,0.20440000000000003,0.9943
1236,0.9708,0.9673
1237,0.23029999999999995,0.9944
1238,0.96,0.9536
1239,0.22060000000000002,0.9942
1240,0.9619,0.9792
1241,0.22660000000000002,0.9946
1242,0.953,0.9699
1243,0.23929999999999996,0.9943
1244,0.9584,0.9719
1245,0.2257,0.994
1246,0.9721,0.9633
1247,0.21850000000000003,0.9944
1248,0.9653,0.9765
1249,0.20899999999999996,0.9944
1250,0.9718,0.9567
1251,0.21809999999999996,0.994
1252,0.9629,0.9738
1253,0.2379,0.9944
1254,0.9673,0.9431
1255,0.23519999999999996,0.9943
1256,0.9625,0.947
1257,0.23399999999999999,0.9943
1258,0.9467,0.9398
1259,0.2479,0.9943
1260,0.9398,0.9441
1261,0.23550000000000004,0.9939
1262,0.9383,0.9426
1263,0.22430000000000005,0.9944
1264,0.9124,0.9415
1265,0.23950000000000005,0.9942
1266,0.9095,0.9428
1267,0.23819999999999997,0.994
1268,0.9507,0.942
1269,0.24570000000000003,0.9941
1270,0.9486,0.9412
1271,0.23829999999999996,0.9943
1272,0.9529,0.9455
1273,0.24519999999999997,0.9943
1274,0.9533,0.9431
1275,0.243,0.9943
1276,0.9433,0.9408
1277,0.242,0.9943
1278,0.9394,0.9384
1279,0.2531,0.9945
1280,0.9332,0.9410000000000001
1281,0.2378,0.9942
1282,0.9407,0.9390000000000001
1283,0.24080000000000001,0.994
1284,0.9521,0.9405
1285,0.24339999999999995,0.9938
1286,0.9445,0.9423
1287,0.23829999999999996,0.9942
1288,0.953,0.9377
1289,0.23519999999999996,0.9944
1290,0.9249,0.9404
1291,0.23199999999999998,0.9942
1292,0.9323,0.9448
1293,0.24339999999999995,0.9939
1294,0.9455,0.9431
1295,0.23670000000000002,0.9936
1296,0.9537,0.9386
1297,0.24770000000000003,0.9938
1298,0.9393,0.9454
1299,0.24319999999999997,0.9941
1300,0.943,0.9434
1301,0.2339,0.9941
1302,0.9099,0.9516
1303,0.2509,0.994
1304,0.9460999999999999,0.967
1305,0.24219999999999997,0.9936
1306,0.9456,0.9498
1307,0.24550000000000005,0.9935
1308,0.9406,0.9455
1309,0.21850000000000003,0.9943
1310,0.9314,0.9437
1311,0.21940000000000004,0.9941
1312,0.9287,0.9451
1313,0.21789999999999998,0.9942
1314,0.9413,0.9689
1315,0.2358,0.994
1316,0.9033,0.978
1317,0.25760000000000005,0.9943
1318,0.9413,0.9707
1319,0.249,0.9935
1320,0.942,0.9689
1321,0.2682,0.994
1322,0.9469,0.9847
2576,0.6209,
2577,0.9981,0.7501
2578,0.3637,0.9973
2579,0.6705,0.9002
2580,0.5303,0.9448
2581,0.9986,0.7512
2582,0.34950000000000003,0.9938
2583,0.6746,0.9947
2584,0.5591999999999999,0.9572
2585,0.9986,0.7401
2586,0.32220000000000004,0.9928
2587,0.6933,0.9955
2588,0.6001000000000001,0.9588
2589,0.9984,0.7641
2590,0.37439999999999996,0.9927
2591,0.4939,0.9395
2592,0.9982,0.977
2593,0.33140000000000003,0.7509
2594,0.35129999999999995,0.9953
2595,0.9984,0.996
2596,0.33720000000000006,0.9571
2597,0.6716,0.753
2598,0.5517000000000001,0.9947
2599,0.9979,0.996
2600,0.3217,0.9504
2601,0.5142,0.7382
2602,0.9984,0.9973
2603,0.36050000000000004,0.9961
2604,0.6687000000000001,0.9103
2605,0.5484,0.7428
2606,0.9984,0.9982
2607,0.34209999999999996,0.9956
2608,0.5149,0.7863
2609,0.9968,0.7503
2610,0.3369,0.9924
2611,0.5,0.9954
2612,0.9985,0.9635
2613,0.34730000000000005,0.7312000000000001
2614,0.478,0.9976
2615,0.9985,0.9941
2616,0.27990000000000004,0.9497
2617,0.6854,0.7475
2618,0.4588,0.9878
2619,0.9981,0.9952
2620,0.30600000000000005,0.9374
2927,0.5628,0.9945
2929,0.5885,1.0
2931,0.5835,1.0
2933,0.6002000000000001,0.9931
2935,0.5964,0.9967
2937,0.6022000000000001,0.9921
2939,0.6309,0.9936
2941,0.6065,0.9921
2943,0.6388,0.9934
2945,0.5971,0.9934
2947,0.5919,0.9935
2949,0.62,0.9946
2951,0.6073999999999999,0.9942
2953,0.6189,0.9935
2955,0.6201,0.9932
2957,0.6105,0.9932
2959,0.5911,0.9931
2961,0.5919,0.9934
2963,0.5925,0.993
2965,0.5996,0.9931
2967,0.601,0.9928
2969,0.6048,0.9933
2971,0.6048,0.9934
2973,0.5861000000000001,0.9935
2975,0.5945,0.9926
2977,0.5860000000000001,0.9925
2979,0.5780000000000001,0.9915
2981,0.5844,0.9972
2983,0.5782,0.9924
2985,0.5787,0.9921
2987,0.5735,0.9934
2990,0.8863,0.9755
2992,0.888,0.9984
2994,0.899,0.9984
2996,0.9448,0.9982
2998,0.7395,0.9983
3000,0.6931,0.9983
3002,0.8141,0.9982
3004,0.8526,0.9985
3006,0.8926000000000001,0.998
3008,0.9398,0.9981
3010,0.9606,0.9981
3012,0.9742,0.9982
3014,0.9748,0.9979
3016,0.9584,0.9979
3018,0.9724,0.998
3020,0.9759,0.998
3022,0.9694,0.9982
3024,0.9859,0.9981
3026,0.9834,0.9981
3028,0.9848,0.9983
3030,0.9817,0.998
3032,0.9761,0.9979
3034,0.973,0.9979
3036,0.9766,0.9978
3038,0.9693,0.9977
3040,0.9672,0.998
3042,0.9646,0.9979
3044,0.9497,0.998
3046,0.9507,0.998
3048,0.9281,0.9983
